-- phpMyAdmin SQL Dump
-- version 5.1.1
-- https://www.phpmyadmin.net/
--
-- Host: localhost:3306
-- Generation Time: Jun 01, 2022 at 03:06 PM
-- Server version: 5.7.24
-- PHP Version: 7.4.27

SET SQL_MODE = "NO_AUTO_VALUE_ON_ZERO";
START TRANSACTION;
SET time_zone = "+00:00";


/*!40101 SET @OLD_CHARACTER_SET_CLIENT=@@CHARACTER_SET_CLIENT */;
/*!40101 SET @OLD_CHARACTER_SET_RESULTS=@@CHARACTER_SET_RESULTS */;
/*!40101 SET @OLD_COLLATION_CONNECTION=@@COLLATION_CONNECTION */;
/*!40101 SET NAMES utf8mb4 */;

--
-- Database: `19_laravel_eloquent_relationship`
--

-- --------------------------------------------------------

--
-- Table structure for table `addresses`
--

CREATE TABLE `addresses` (
  `id` bigint(20) UNSIGNED NOT NULL,
  `user_id` int(11) NOT NULL,
  `country` varchar(255) COLLATE utf8mb4_unicode_ci NOT NULL,
  `created_at` timestamp NULL DEFAULT NULL,
  `updated_at` timestamp NULL DEFAULT NULL
) ENGINE=InnoDB DEFAULT CHARSET=utf8mb4 COLLATE=utf8mb4_unicode_ci;

--
-- Dumping data for table `addresses`
--

INSERT INTO `addresses` (`id`, `user_id`, `country`, `created_at`, `updated_at`) VALUES
(1, 3, 'El Salvador', '2022-05-30 13:53:37', '2022-05-30 13:53:37'),
(2, 11, 'Liberia', '2022-05-30 13:53:37', '2022-05-30 13:53:37'),
(3, 5, 'New Caledonia', '2022-05-30 13:53:37', '2022-05-30 13:53:37'),
(4, 2, 'Sierra Leone', '2022-05-30 13:53:37', '2022-05-30 13:53:37'),
(5, 1, 'Jordan', '2022-05-30 13:53:37', '2022-05-30 13:53:37'),
(6, 1, 'Syrian Arab Republic', '2022-05-30 13:53:37', '2022-05-30 13:53:37'),
(7, 4, 'Jersey', '2022-05-30 13:53:37', '2022-05-30 13:53:37'),
(8, 14, 'Israel', '2022-05-30 13:53:38', '2022-05-30 13:53:38'),
(9, 8, 'Christmas Island', '2022-05-30 13:53:38', '2022-05-30 13:53:38'),
(10, 3, 'Papua New Guinea', '2022-05-30 13:53:38', '2022-05-30 13:53:38'),
(11, 1, 'Brunei Darussalam', '2022-05-30 13:53:38', '2022-05-30 13:53:38'),
(12, 5, 'Jamaica', '2022-05-30 13:53:38', '2022-05-30 13:53:38'),
(13, 12, 'Nauru', '2022-05-30 13:53:38', '2022-05-30 13:53:38'),
(14, 10, 'Mozambique', '2022-05-30 13:53:38', '2022-05-30 13:53:38'),
(15, 6, 'Mauritius', '2022-05-30 13:53:38', '2022-05-30 13:53:38'),
(16, 12, 'Jordan', '2022-05-30 13:53:38', '2022-05-30 13:53:38'),
(17, 13, 'Algeria', '2022-05-30 13:53:38', '2022-05-30 13:53:38'),
(18, 4, 'Greece', '2022-05-30 13:53:38', '2022-05-30 13:53:38'),
(19, 14, 'Honduras', '2022-05-30 13:53:38', '2022-05-30 13:53:38'),
(20, 6, 'Japan', '2022-05-30 13:53:38', '2022-05-30 13:53:38'),
(21, 3, 'Heard Island and McDonald Islands', '2022-05-30 13:54:27', '2022-05-30 13:54:27'),
(22, 20, 'Monaco', '2022-05-30 13:54:27', '2022-05-30 13:54:27'),
(23, 21, 'Sudan', '2022-05-30 13:54:27', '2022-05-30 13:54:27'),
(24, 1, 'Kuwait', '2022-05-30 13:54:27', '2022-05-30 13:54:27'),
(25, 7, 'Azerbaijan', '2022-05-30 13:54:27', '2022-05-30 13:54:27'),
(26, 17, 'Cyprus', '2022-05-30 13:54:27', '2022-05-30 13:54:27'),
(27, 22, 'Morocco', '2022-05-30 13:54:27', '2022-05-30 13:54:27'),
(28, 29, 'Puerto Rico', '2022-05-30 13:54:27', '2022-05-30 13:54:27'),
(29, 9, 'Equatorial Guinea', '2022-05-30 13:54:27', '2022-05-30 13:54:27'),
(30, 6, 'Belize', '2022-05-30 13:54:27', '2022-05-30 13:54:27'),
(31, 2, 'Equatorial Guinea', '2022-05-30 13:54:27', '2022-05-30 13:54:27'),
(32, 4, 'Angola', '2022-05-30 13:54:27', '2022-05-30 13:54:27'),
(33, 11, 'Sweden', '2022-05-30 13:54:27', '2022-05-30 13:54:27'),
(34, 12, 'Lesotho', '2022-05-30 13:54:27', '2022-05-30 13:54:27'),
(35, 18, 'Dominican Republic', '2022-05-30 13:54:27', '2022-05-30 13:54:27'),
(36, 9, 'Kazakhstan', '2022-05-30 13:54:27', '2022-05-30 13:54:27'),
(37, 24, 'Bulgaria', '2022-05-30 13:54:28', '2022-05-30 13:54:28'),
(38, 20, 'Greenland', '2022-05-30 13:54:28', '2022-05-30 13:54:28'),
(39, 15, 'Monaco', '2022-05-30 13:54:28', '2022-05-30 13:54:28'),
(40, 19, 'Grenada', '2022-05-30 13:54:28', '2022-05-30 13:54:28'),
(41, 32, 'Western Sahara', '2022-05-30 14:06:42', '2022-05-30 14:06:42'),
(42, 22, 'Papua New Guinea', '2022-05-30 14:06:42', '2022-05-30 14:06:42'),
(43, 37, 'Guadeloupe', '2022-05-30 14:06:42', '2022-05-30 14:06:42'),
(44, 2, 'Mali', '2022-05-30 14:06:42', '2022-05-30 14:06:42'),
(45, 22, 'Comoros', '2022-05-30 14:06:42', '2022-05-30 14:06:42'),
(46, 30, 'Czech Republic', '2022-05-30 14:06:42', '2022-05-30 14:06:42'),
(47, 39, 'Jamaica', '2022-05-30 14:06:42', '2022-05-30 14:06:42'),
(48, 19, 'Brazil', '2022-05-30 14:06:42', '2022-05-30 14:06:42'),
(49, 27, 'Yemen', '2022-05-30 14:06:42', '2022-05-30 14:06:42'),
(50, 31, 'Ecuador', '2022-05-30 14:06:42', '2022-05-30 14:06:42'),
(51, 31, 'Sierra Leone', '2022-05-30 14:06:42', '2022-05-30 14:06:42'),
(52, 25, 'Taiwan', '2022-05-30 14:06:42', '2022-05-30 14:06:42'),
(53, 30, 'Estonia', '2022-05-30 14:06:42', '2022-05-30 14:06:42'),
(54, 6, 'Saint Lucia', '2022-05-30 14:06:42', '2022-05-30 14:06:42'),
(55, 43, 'Cyprus', '2022-05-30 14:06:42', '2022-05-30 14:06:42'),
(56, 32, 'Uzbekistan', '2022-05-30 14:06:42', '2022-05-30 14:06:42'),
(57, 41, 'Aruba', '2022-05-30 14:06:42', '2022-05-30 14:06:42'),
(58, 16, 'Costa Rica', '2022-05-30 14:06:42', '2022-05-30 14:06:42'),
(59, 6, 'Georgia', '2022-05-30 14:06:42', '2022-05-30 14:06:42'),
(60, 34, 'United Arab Emirates', '2022-05-30 14:06:42', '2022-05-30 14:06:42');

-- --------------------------------------------------------

--
-- Table structure for table `comments`
--

CREATE TABLE `comments` (
  `id` bigint(20) UNSIGNED NOT NULL,
  `user_id` bigint(20) NOT NULL,
  `body` text COLLATE utf8mb4_unicode_ci NOT NULL,
  `commentable_type` varchar(255) COLLATE utf8mb4_unicode_ci NOT NULL,
  `commentable_id` bigint(20) UNSIGNED NOT NULL,
  `created_at` timestamp NULL DEFAULT NULL,
  `updated_at` timestamp NULL DEFAULT NULL
) ENGINE=InnoDB DEFAULT CHARSET=utf8mb4 COLLATE=utf8mb4_unicode_ci;

--
-- Dumping data for table `comments`
--

INSERT INTO `comments` (`id`, `user_id`, `body`, `commentable_type`, `commentable_id`, `created_at`, `updated_at`) VALUES
(1, 30, 'This is text body', 'App\\Models\\Post', 94, '2022-05-30 14:36:41', '2022-05-30 14:36:41'),
(2, 30, 'This is text body', 'App\\Models\\Post', 95, '2022-05-30 14:43:30', '2022-05-30 14:43:30'),
(3, 30, 'This is text body', 'App\\Models\\Post', 96, '2022-05-30 14:45:41', '2022-05-30 14:45:41'),
(4, 30, 'This is Video body', 'App\\Models\\Video', 61, '2022-05-30 14:45:41', '2022-05-30 14:45:41'),
(5, 30, 'This is text body', 'App\\Models\\Post', 97, '2022-05-30 14:45:50', '2022-05-30 14:45:50'),
(6, 30, 'This is Video body', 'App\\Models\\Video', 62, '2022-05-30 14:45:50', '2022-05-30 14:45:50');

-- --------------------------------------------------------

--
-- Table structure for table `failed_jobs`
--

CREATE TABLE `failed_jobs` (
  `id` bigint(20) UNSIGNED NOT NULL,
  `uuid` varchar(255) COLLATE utf8mb4_unicode_ci NOT NULL,
  `connection` text COLLATE utf8mb4_unicode_ci NOT NULL,
  `queue` text COLLATE utf8mb4_unicode_ci NOT NULL,
  `payload` longtext COLLATE utf8mb4_unicode_ci NOT NULL,
  `exception` longtext COLLATE utf8mb4_unicode_ci NOT NULL,
  `failed_at` timestamp NOT NULL DEFAULT CURRENT_TIMESTAMP
) ENGINE=InnoDB DEFAULT CHARSET=utf8mb4 COLLATE=utf8mb4_unicode_ci;

-- --------------------------------------------------------

--
-- Table structure for table `migrations`
--

CREATE TABLE `migrations` (
  `id` int(10) UNSIGNED NOT NULL,
  `migration` varchar(255) COLLATE utf8mb4_unicode_ci NOT NULL,
  `batch` int(11) NOT NULL
) ENGINE=InnoDB DEFAULT CHARSET=utf8mb4 COLLATE=utf8mb4_unicode_ci;

--
-- Dumping data for table `migrations`
--

INSERT INTO `migrations` (`id`, `migration`, `batch`) VALUES
(112, '2022_05_29_172456_create_project_userer_table', 2),
(157, '2014_10_12_000000_create_users_table', 3),
(158, '2014_10_12_100000_create_password_resets_table', 3),
(159, '2019_08_19_000000_create_failed_jobs_table', 3),
(160, '2019_12_14_000001_create_personal_access_tokens_table', 3),
(161, '2022_05_27_180829_create_addresses_table', 3),
(162, '2022_05_28_054225_create_posts_table', 3),
(163, '2022_05_28_073841_create_tags_table', 3),
(164, '2022_05_28_074634_create_post_tag_table', 3),
(165, '2022_05_28_171144_create_projects_table', 3),
(166, '2022_05_28_171305_create_tasks_table', 3),
(167, '2022_05_29_171015_create_project_ones_table', 3),
(168, '2022_05_29_171154_create_user_ones_table', 3),
(169, '2022_05_29_171356_create_task_ones_table', 3),
(170, '2022_05_30_163133_create_project_user_one_table', 3),
(171, '2022_05_30_194055_create_videos_table', 3),
(172, '2022_05_30_194114_create_comments_table', 3),
(174, '2022_05_31_174918_create_taggables_table', 4),
(175, '2022_05_31_183007_creae_taggables_table', 5);

-- --------------------------------------------------------

--
-- Table structure for table `password_resets`
--

CREATE TABLE `password_resets` (
  `email` varchar(255) COLLATE utf8mb4_unicode_ci NOT NULL,
  `token` varchar(255) COLLATE utf8mb4_unicode_ci NOT NULL,
  `created_at` timestamp NULL DEFAULT NULL
) ENGINE=InnoDB DEFAULT CHARSET=utf8mb4 COLLATE=utf8mb4_unicode_ci;

-- --------------------------------------------------------

--
-- Table structure for table `personal_access_tokens`
--

CREATE TABLE `personal_access_tokens` (
  `id` bigint(20) UNSIGNED NOT NULL,
  `tokenable_type` varchar(255) COLLATE utf8mb4_unicode_ci NOT NULL,
  `tokenable_id` bigint(20) UNSIGNED NOT NULL,
  `name` varchar(255) COLLATE utf8mb4_unicode_ci NOT NULL,
  `token` varchar(64) COLLATE utf8mb4_unicode_ci NOT NULL,
  `abilities` text COLLATE utf8mb4_unicode_ci,
  `last_used_at` timestamp NULL DEFAULT NULL,
  `created_at` timestamp NULL DEFAULT NULL,
  `updated_at` timestamp NULL DEFAULT NULL
) ENGINE=InnoDB DEFAULT CHARSET=utf8mb4 COLLATE=utf8mb4_unicode_ci;

-- --------------------------------------------------------

--
-- Table structure for table `posts`
--

CREATE TABLE `posts` (
  `id` bigint(20) UNSIGNED NOT NULL,
  `user_id` int(11) DEFAULT NULL,
  `title` varchar(255) COLLATE utf8mb4_unicode_ci NOT NULL,
  `created_at` timestamp NULL DEFAULT NULL,
  `updated_at` timestamp NULL DEFAULT NULL
) ENGINE=InnoDB DEFAULT CHARSET=utf8mb4 COLLATE=utf8mb4_unicode_ci;

--
-- Dumping data for table `posts`
--

INSERT INTO `posts` (`id`, `user_id`, `title`, `created_at`, `updated_at`) VALUES
(1, NULL, 'Asperiores id rem maiores voluptatem.', '2022-05-30 13:53:38', '2022-05-30 13:53:38'),
(2, 2, 'Aperiam dolorem minima ut beatae ab minus est.', '2022-05-30 13:53:38', '2022-05-30 13:53:38'),
(3, NULL, 'Ipsum veniam atque perferendis iste.', '2022-05-30 13:53:38', '2022-05-30 13:53:38'),
(4, 13, 'Nostrum facere corrupti hic ut temporibus nihil repellendus quis.', '2022-05-30 13:53:38', '2022-05-30 13:53:38'),
(5, 15, 'Sed animi incidunt esse repellat id explicabo.', '2022-05-30 13:53:38', '2022-05-30 13:53:38'),
(6, NULL, 'Distinctio ea blanditiis nemo ad consequatur minus.', '2022-05-30 13:53:38', '2022-05-30 13:53:38'),
(7, NULL, 'Et est aut dignissimos.', '2022-05-30 13:53:38', '2022-05-30 13:53:38'),
(8, 3, 'At molestias magni omnis doloremque.', '2022-05-30 13:53:38', '2022-05-30 13:53:38'),
(9, 2, 'Nulla accusamus nostrum non et atque ut omnis mollitia.', '2022-05-30 13:53:38', '2022-05-30 13:53:38'),
(10, 6, 'Cupiditate veritatis perspiciatis facilis.', '2022-05-30 13:53:38', '2022-05-30 13:53:38'),
(11, NULL, 'Sed unde fugit provident nemo pariatur temporibus.', '2022-05-30 13:53:38', '2022-05-30 13:53:38'),
(12, NULL, 'Nam vitae omnis itaque pariatur eius rerum nihil.', '2022-05-30 13:53:38', '2022-05-30 13:53:38'),
(13, NULL, 'Reiciendis exercitationem qui sunt hic.', '2022-05-30 13:53:39', '2022-05-30 13:53:39'),
(14, 14, 'Iste in eveniet temporibus accusantium.', '2022-05-30 13:53:39', '2022-05-30 13:53:39'),
(15, 6, 'Cupiditate sapiente voluptatum id voluptas ullam est voluptatem sed.', '2022-05-30 13:53:39', '2022-05-30 13:53:39'),
(16, 12, 'Quos sit nisi modi quo ipsam explicabo.', '2022-05-30 13:53:39', '2022-05-30 13:53:39'),
(17, 2, 'Laboriosam qui sapiente officia nulla blanditiis et totam.', '2022-05-30 13:53:39', '2022-05-30 13:53:39'),
(18, 2, 'A dolorum enim et magnam quis.', '2022-05-30 13:53:39', '2022-05-30 13:53:39'),
(19, 14, 'Voluptates dolorum totam sequi minima architecto sit sint.', '2022-05-30 13:53:39', '2022-05-30 13:53:39'),
(20, NULL, 'Maiores et molestias quis cumque.', '2022-05-30 13:53:39', '2022-05-30 13:53:39'),
(21, 6, 'Quo vel consectetur maxime rerum nam modi.', '2022-05-30 13:53:39', '2022-05-30 13:53:39'),
(22, 1, 'Ducimus quia et officia distinctio non nulla.', '2022-05-30 13:53:39', '2022-05-30 13:53:39'),
(23, NULL, 'Eum quia odit in sed.', '2022-05-30 13:53:39', '2022-05-30 13:53:39'),
(24, NULL, 'Laborum aspernatur fugiat autem excepturi et et.', '2022-05-30 13:53:39', '2022-05-30 13:53:39'),
(25, NULL, 'Nihil officia cum vero autem.', '2022-05-30 13:53:39', '2022-05-30 13:53:39'),
(26, 6, 'Ut non ut vel illum est enim.', '2022-05-30 13:53:39', '2022-05-30 13:53:39'),
(27, 9, 'Aut facere odit qui at iste magni quasi.', '2022-05-30 13:53:39', '2022-05-30 13:53:39'),
(28, 9, 'Voluptas quae nesciunt quis quibusdam voluptas voluptatem vel.', '2022-05-30 13:53:39', '2022-05-30 13:53:39'),
(29, 14, 'Architecto aut sint et autem qui dolor.', '2022-05-30 13:53:39', '2022-05-30 13:53:39'),
(30, NULL, 'Nihil sapiente architecto ratione atque tenetur.', '2022-05-30 13:53:39', '2022-05-30 13:53:39'),
(31, NULL, 'Numquam dignissimos numquam ipsum unde eos molestias cumque minima.', '2022-05-30 13:54:28', '2022-05-30 13:54:28'),
(32, 6, 'Sed autem sit dolores dolorem aut et minima.', '2022-05-30 13:54:28', '2022-05-30 13:54:28'),
(33, 3, 'Rerum sunt saepe dolore.', '2022-05-30 13:54:28', '2022-05-30 13:54:28'),
(34, NULL, 'Cupiditate assumenda id ut ut saepe veritatis.', '2022-05-30 13:54:28', '2022-05-30 13:54:28'),
(35, NULL, 'Et tempora harum enim tenetur qui est.', '2022-05-30 13:54:28', '2022-05-30 13:54:28'),
(36, 9, 'Reprehenderit eos nisi nobis ex sit itaque.', '2022-05-30 13:54:28', '2022-05-30 13:54:28'),
(37, 17, 'Quidem incidunt et expedita veritatis atque inventore praesentium.', '2022-05-30 13:54:28', '2022-05-30 13:54:28'),
(38, 14, 'Possimus sapiente culpa quisquam repudiandae.', '2022-05-30 13:54:28', '2022-05-30 13:54:28'),
(39, NULL, 'Harum id laudantium qui quia est facilis.', '2022-05-30 13:54:28', '2022-05-30 13:54:28'),
(40, 27, 'Et sunt quo illum sed dolorem omnis.', '2022-05-30 13:54:28', '2022-05-30 13:54:28'),
(41, 29, 'Numquam eveniet est delectus et aperiam.', '2022-05-30 13:54:28', '2022-05-30 13:54:28'),
(42, 4, 'Adipisci esse modi soluta facilis commodi modi.', '2022-05-30 13:54:28', '2022-05-30 13:54:28'),
(43, 7, 'Doloremque qui saepe sed blanditiis ea in nulla.', '2022-05-30 13:54:28', '2022-05-30 13:54:28'),
(44, NULL, 'Delectus earum quasi corporis debitis excepturi sed reiciendis accusamus.', '2022-05-30 13:54:28', '2022-05-30 13:54:28'),
(45, 19, 'Eum dolore quo omnis aut deleniti aut aut.', '2022-05-30 13:54:28', '2022-05-30 13:54:28'),
(46, NULL, 'Distinctio saepe libero laudantium quia omnis quidem asperiores.', '2022-05-30 13:54:28', '2022-05-30 13:54:28'),
(47, NULL, 'Distinctio impedit itaque sit similique blanditiis nostrum perspiciatis.', '2022-05-30 13:54:29', '2022-05-30 13:54:29'),
(48, 28, 'Non non dignissimos ipsa quis nulla.', '2022-05-30 13:54:29', '2022-05-30 13:54:29'),
(49, NULL, 'Repellat dolores placeat qui aut nesciunt.', '2022-05-30 13:54:29', '2022-05-30 13:54:29'),
(50, 15, 'Minima sequi exercitationem odit impedit aut sint.', '2022-05-30 13:54:29', '2022-05-30 13:54:29'),
(51, 19, 'Eius saepe ratione aut sapiente voluptatum nobis.', '2022-05-30 13:54:29', '2022-05-30 13:54:29'),
(52, NULL, 'Nemo qui porro quisquam repudiandae.', '2022-05-30 13:54:29', '2022-05-30 13:54:29'),
(53, NULL, 'Odio excepturi architecto quas exercitationem ad maiores.', '2022-05-30 13:54:29', '2022-05-30 13:54:29'),
(54, 16, 'Qui corporis natus dolorem sunt.', '2022-05-30 13:54:29', '2022-05-30 13:54:29'),
(55, 25, 'Repellendus velit excepturi quas.', '2022-05-30 13:54:29', '2022-05-30 13:54:29'),
(56, NULL, 'Et sit rerum sequi tempore.', '2022-05-30 13:54:29', '2022-05-30 13:54:29'),
(57, NULL, 'Perspiciatis nostrum natus voluptatum sed repellendus voluptatem et.', '2022-05-30 13:54:29', '2022-05-30 13:54:29'),
(58, 18, 'Voluptates eum aspernatur ipsa quam repellendus alias.', '2022-05-30 13:54:29', '2022-05-30 13:54:29'),
(59, NULL, 'Soluta corrupti accusantium fugit dignissimos laudantium.', '2022-05-30 13:54:29', '2022-05-30 13:54:29'),
(60, NULL, 'Expedita unde maiores omnis consequatur quibusdam ipsam suscipit.', '2022-05-30 13:54:29', '2022-05-30 13:54:29'),
(61, 4, 'Quaerat minus repellat ipsa atque et natus iste.', '2022-05-30 14:06:43', '2022-05-30 14:06:43'),
(62, NULL, 'Explicabo dignissimos quae veritatis voluptates.', '2022-05-30 14:06:43', '2022-05-30 14:06:43'),
(63, NULL, 'Nam libero ut doloremque dolores.', '2022-05-30 14:06:43', '2022-05-30 14:06:43'),
(64, 12, 'Tenetur quam voluptatem qui reprehenderit.', '2022-05-30 14:06:43', '2022-05-30 14:06:43'),
(65, 22, 'Consequuntur debitis aliquid corrupti harum rerum.', '2022-05-30 14:06:43', '2022-05-30 14:06:43'),
(66, NULL, 'Officia debitis aut id explicabo expedita.', '2022-05-30 14:06:43', '2022-05-30 14:06:43'),
(67, NULL, 'Quia laudantium rerum laborum error aut est est atque.', '2022-05-30 14:06:43', '2022-05-30 14:06:43'),
(68, NULL, 'Accusamus enim a quibusdam quia occaecati soluta.', '2022-05-30 14:06:43', '2022-05-30 14:06:43'),
(69, NULL, 'Recusandae repellat maxime cumque eaque exercitationem sequi eum.', '2022-05-30 14:06:43', '2022-05-30 14:06:43'),
(70, 35, 'Quaerat maxime ducimus libero ratione.', '2022-05-30 14:06:43', '2022-05-30 14:06:43'),
(71, 14, 'Molestias sint laboriosam et vero.', '2022-05-30 14:06:43', '2022-05-30 14:06:43'),
(72, NULL, 'Consequatur nisi maxime sint facere beatae voluptatem rerum.', '2022-05-30 14:06:43', '2022-05-30 14:06:43'),
(73, NULL, 'Accusantium rerum ut sit voluptatem aut eos autem.', '2022-05-30 14:06:43', '2022-05-30 14:06:43'),
(74, 23, 'Quam aliquid voluptatibus et quas ipsa rerum quos.', '2022-05-30 14:06:43', '2022-05-30 14:06:43'),
(75, 8, 'Laborum aperiam quia velit quasi libero.', '2022-05-30 14:06:43', '2022-05-30 14:06:43'),
(76, NULL, 'Explicabo et et non asperiores voluptatum sapiente.', '2022-05-30 14:06:43', '2022-05-30 14:06:43'),
(77, 31, 'Minima placeat et sapiente inventore quia fuga.', '2022-05-30 14:06:43', '2022-05-30 14:06:43'),
(78, 20, 'Corporis commodi exercitationem atque consectetur.', '2022-05-30 14:06:43', '2022-05-30 14:06:43'),
(79, NULL, 'Dolore voluptas laudantium magni et dolores aut repellat.', '2022-05-30 14:06:43', '2022-05-30 14:06:43'),
(80, NULL, 'Quidem sunt facere dolorem a atque qui dolorem.', '2022-05-30 14:06:43', '2022-05-30 14:06:43'),
(81, NULL, 'Facilis excepturi corporis eligendi consequuntur eaque quibusdam reprehenderit.', '2022-05-30 14:06:43', '2022-05-30 14:06:43'),
(82, 17, 'Dicta iusto quia id iste.', '2022-05-30 14:06:43', '2022-05-30 14:06:43'),
(83, NULL, 'Iure exercitationem natus ut praesentium rerum a vero error.', '2022-05-30 14:06:43', '2022-05-30 14:06:43'),
(84, 38, 'Adipisci dolorem explicabo dolores tempora nostrum rerum.', '2022-05-30 14:06:43', '2022-05-30 14:06:43'),
(85, 10, 'Odio ex voluptatum neque sed harum quos ullam consequatur.', '2022-05-30 14:06:44', '2022-05-30 14:06:44'),
(86, 28, 'Vitae id nesciunt qui harum voluptatem quae inventore.', '2022-05-30 14:06:44', '2022-05-30 14:06:44'),
(87, 30, 'Expedita nulla dolorem ducimus ipsa.', '2022-05-30 14:06:44', '2022-05-30 14:06:44'),
(88, 21, 'Maxime sequi esse nobis esse est.', '2022-05-30 14:06:44', '2022-05-30 14:06:44'),
(89, 25, 'Praesentium odit ut aut consequatur delectus officia.', '2022-05-30 14:06:44', '2022-05-30 14:06:44'),
(90, NULL, 'Expedita asperiores eum officiis sunt ad dignissimos.', '2022-05-30 14:06:44', '2022-05-30 14:06:44'),
(91, NULL, 'This is first title', '2022-05-30 14:32:28', '2022-05-30 14:32:28'),
(92, 32, 'This is first title', '2022-05-30 14:35:43', '2022-05-30 14:35:43'),
(93, 18, 'This is first title', '2022-05-30 14:36:16', '2022-05-30 14:36:16'),
(94, 30, 'This is first title', '2022-05-30 14:36:41', '2022-05-30 14:36:41'),
(95, 30, 'This is first title', '2022-05-30 14:43:30', '2022-05-30 14:43:30'),
(96, 30, 'This is first title', '2022-05-30 14:45:41', '2022-05-30 14:45:41'),
(97, 30, 'This is first title', '2022-05-30 14:45:50', '2022-05-30 14:45:50'),
(98, 32, 'this is test title', '2022-05-31 12:18:48', '2022-05-31 12:18:48'),
(99, 30, 'this is test title', '2022-05-31 12:20:32', '2022-05-31 12:20:32'),
(100, 40, 'this is test title', '2022-05-31 12:25:15', '2022-05-31 12:25:15'),
(101, 8, 'this is test title', '2022-05-31 12:25:50', '2022-05-31 12:25:50'),
(102, 6, 'this is test title', '2022-05-31 12:26:42', '2022-05-31 12:26:42'),
(103, 8, 'this is test title', '2022-05-31 12:27:02', '2022-05-31 12:27:02'),
(104, 45, 'this is test title', '2022-05-31 12:28:35', '2022-05-31 12:28:35'),
(105, 24, 'this is test title', '2022-05-31 12:30:37', '2022-05-31 12:30:37');

-- --------------------------------------------------------

--
-- Table structure for table `post_tag`
--

CREATE TABLE `post_tag` (
  `id` bigint(20) UNSIGNED NOT NULL,
  `post_id` bigint(20) NOT NULL,
  `tag_id` bigint(20) NOT NULL,
  `status` varchar(255) COLLATE utf8mb4_unicode_ci NOT NULL,
  `created_at` timestamp NULL DEFAULT NULL,
  `updated_at` timestamp NULL DEFAULT NULL
) ENGINE=InnoDB DEFAULT CHARSET=utf8mb4 COLLATE=utf8mb4_unicode_ci;

--
-- Dumping data for table `post_tag`
--

INSERT INTO `post_tag` (`id`, `post_id`, `tag_id`, `status`, `created_at`, `updated_at`) VALUES
(1, 21, 12, 'active', '2022-05-30 13:53:40', '2022-05-30 13:53:40'),
(2, 27, 9, 'active', '2022-05-30 13:53:40', '2022-05-30 13:53:40'),
(3, 18, 7, 'active', '2022-05-30 13:53:41', '2022-05-30 13:53:41'),
(4, 20, 27, 'active', '2022-05-30 13:53:41', '2022-05-30 13:53:41'),
(5, 21, 1, 'active', '2022-05-30 13:53:41', '2022-05-30 13:53:41'),
(6, 8, 18, 'active', '2022-05-30 13:53:41', '2022-05-30 13:53:41'),
(7, 23, 25, 'active', '2022-05-30 13:53:41', '2022-05-30 13:53:41'),
(8, 18, 30, 'active', '2022-05-30 13:53:41', '2022-05-30 13:53:41'),
(9, 23, 9, 'active', '2022-05-30 13:53:41', '2022-05-30 13:53:41'),
(10, 1, 21, 'active', '2022-05-30 13:53:41', '2022-05-30 13:53:41'),
(11, 5, 5, 'active', '2022-05-30 13:53:41', '2022-05-30 13:53:41'),
(12, 1, 12, 'active', '2022-05-30 13:53:41', '2022-05-30 13:53:41'),
(13, 6, 25, 'active', '2022-05-30 13:53:41', '2022-05-30 13:53:41'),
(14, 30, 3, 'active', '2022-05-30 13:53:41', '2022-05-30 13:53:41'),
(15, 14, 14, 'active', '2022-05-30 13:53:41', '2022-05-30 13:53:41'),
(16, 14, 24, 'active', '2022-05-30 13:53:41', '2022-05-30 13:53:41'),
(17, 15, 23, 'active', '2022-05-30 13:53:41', '2022-05-30 13:53:41'),
(18, 17, 11, 'active', '2022-05-30 13:53:41', '2022-05-30 13:53:41'),
(19, 11, 28, 'active', '2022-05-30 13:53:41', '2022-05-30 13:53:41'),
(20, 24, 18, 'active', '2022-05-30 13:53:41', '2022-05-30 13:53:41'),
(21, 4, 24, 'active', '2022-05-30 13:53:41', '2022-05-30 13:53:41'),
(22, 20, 26, 'active', '2022-05-30 13:53:41', '2022-05-30 13:53:41'),
(23, 5, 15, 'active', '2022-05-30 13:53:41', '2022-05-30 13:53:41'),
(24, 25, 1, 'active', '2022-05-30 13:53:41', '2022-05-30 13:53:41'),
(25, 23, 4, 'active', '2022-05-30 13:53:41', '2022-05-30 13:53:41'),
(26, 5, 10, 'active', '2022-05-30 13:53:42', '2022-05-30 13:53:42'),
(27, 25, 21, 'active', '2022-05-30 13:53:42', '2022-05-30 13:53:42'),
(28, 22, 20, 'active', '2022-05-30 13:53:42', '2022-05-30 13:53:42'),
(29, 12, 3, 'active', '2022-05-30 13:53:42', '2022-05-30 13:53:42'),
(30, 17, 7, 'active', '2022-05-30 13:53:42', '2022-05-30 13:53:42'),
(31, 9, 4, 'active', '2022-05-30 13:53:42', '2022-05-30 13:53:42'),
(32, 1, 21, 'active', '2022-05-30 13:53:42', '2022-05-30 13:53:42'),
(33, 15, 23, 'active', '2022-05-30 13:53:42', '2022-05-30 13:53:42'),
(34, 11, 17, 'active', '2022-05-30 13:53:42', '2022-05-30 13:53:42'),
(35, 13, 9, 'active', '2022-05-30 13:53:42', '2022-05-30 13:53:42'),
(36, 5, 21, 'active', '2022-05-30 13:53:42', '2022-05-30 13:53:42'),
(37, 4, 6, 'active', '2022-05-30 13:53:42', '2022-05-30 13:53:42'),
(38, 2, 16, 'active', '2022-05-30 13:53:42', '2022-05-30 13:53:42'),
(39, 7, 21, 'active', '2022-05-30 13:53:42', '2022-05-30 13:53:42'),
(40, 25, 26, 'active', '2022-05-30 13:53:42', '2022-05-30 13:53:42'),
(41, 13, 3, 'active', '2022-05-30 13:53:42', '2022-05-30 13:53:42'),
(42, 1, 23, 'active', '2022-05-30 13:53:42', '2022-05-30 13:53:42'),
(43, 23, 27, 'active', '2022-05-30 13:53:42', '2022-05-30 13:53:42'),
(44, 24, 6, 'active', '2022-05-30 13:53:42', '2022-05-30 13:53:42'),
(45, 1, 10, 'active', '2022-05-30 13:53:42', '2022-05-30 13:53:42'),
(46, 6, 10, 'active', '2022-05-30 13:53:42', '2022-05-30 13:53:42'),
(47, 19, 2, 'active', '2022-05-30 13:53:42', '2022-05-30 13:53:42'),
(48, 13, 23, 'active', '2022-05-30 13:53:42', '2022-05-30 13:53:42'),
(49, 13, 25, 'active', '2022-05-30 13:53:42', '2022-05-30 13:53:42'),
(50, 15, 8, 'active', '2022-05-30 13:53:42', '2022-05-30 13:53:42'),
(51, 9, 11, 'active', '2022-05-30 13:53:42', '2022-05-30 13:53:42'),
(52, 29, 30, 'active', '2022-05-30 13:53:43', '2022-05-30 13:53:43'),
(53, 4, 25, 'active', '2022-05-30 13:53:43', '2022-05-30 13:53:43'),
(54, 15, 5, 'active', '2022-05-30 13:53:43', '2022-05-30 13:53:43'),
(55, 30, 5, 'active', '2022-05-30 13:53:43', '2022-05-30 13:53:43'),
(56, 28, 6, 'active', '2022-05-30 13:53:43', '2022-05-30 13:53:43'),
(57, 29, 24, 'active', '2022-05-30 13:53:43', '2022-05-30 13:53:43'),
(58, 11, 23, 'active', '2022-05-30 13:53:43', '2022-05-30 13:53:43'),
(59, 3, 29, 'active', '2022-05-30 13:53:43', '2022-05-30 13:53:43'),
(60, 11, 2, 'active', '2022-05-30 13:53:43', '2022-05-30 13:53:43'),
(61, 20, 3, 'active', '2022-05-30 13:53:43', '2022-05-30 13:53:43'),
(62, 11, 3, 'active', '2022-05-30 13:53:43', '2022-05-30 13:53:43'),
(63, 10, 25, 'active', '2022-05-30 13:53:43', '2022-05-30 13:53:43'),
(64, 13, 17, 'active', '2022-05-30 13:53:43', '2022-05-30 13:53:43'),
(65, 30, 30, 'active', '2022-05-30 13:53:43', '2022-05-30 13:53:43'),
(66, 27, 20, 'active', '2022-05-30 13:53:43', '2022-05-30 13:53:43'),
(67, 1, 28, 'active', '2022-05-30 13:53:43', '2022-05-30 13:53:43'),
(68, 6, 23, 'active', '2022-05-30 13:53:43', '2022-05-30 13:53:43'),
(69, 11, 17, 'active', '2022-05-30 13:53:43', '2022-05-30 13:53:43'),
(70, 1, 13, 'active', '2022-05-30 13:53:43', '2022-05-30 13:53:43'),
(71, 28, 15, 'active', '2022-05-30 13:53:43', '2022-05-30 13:53:43'),
(72, 20, 6, 'active', '2022-05-30 13:53:43', '2022-05-30 13:53:43'),
(73, 9, 9, 'active', '2022-05-30 13:53:43', '2022-05-30 13:53:43'),
(74, 6, 16, 'active', '2022-05-30 13:53:43', '2022-05-30 13:53:43'),
(75, 26, 14, 'active', '2022-05-30 13:53:43', '2022-05-30 13:53:43'),
(76, 9, 29, 'active', '2022-05-30 13:53:43', '2022-05-30 13:53:43'),
(77, 15, 9, 'active', '2022-05-30 13:53:43', '2022-05-30 13:53:43'),
(78, 10, 19, 'active', '2022-05-30 13:53:43', '2022-05-30 13:53:43'),
(79, 10, 20, 'active', '2022-05-30 13:53:43', '2022-05-30 13:53:43'),
(80, 27, 6, 'active', '2022-05-30 13:53:43', '2022-05-30 13:53:43'),
(81, 15, 28, 'active', '2022-05-30 13:53:44', '2022-05-30 13:53:44'),
(82, 29, 21, 'active', '2022-05-30 13:53:44', '2022-05-30 13:53:44'),
(83, 13, 27, 'active', '2022-05-30 13:53:44', '2022-05-30 13:53:44'),
(84, 1, 6, 'active', '2022-05-30 13:53:44', '2022-05-30 13:53:44'),
(85, 20, 9, 'active', '2022-05-30 13:53:44', '2022-05-30 13:53:44'),
(86, 19, 19, 'active', '2022-05-30 13:53:44', '2022-05-30 13:53:44'),
(87, 7, 1, 'active', '2022-05-30 13:53:44', '2022-05-30 13:53:44'),
(88, 3, 16, 'active', '2022-05-30 13:53:44', '2022-05-30 13:53:44'),
(89, 7, 30, 'active', '2022-05-30 13:53:44', '2022-05-30 13:53:44'),
(90, 1, 17, 'active', '2022-05-30 13:53:44', '2022-05-30 13:53:44'),
(91, 8, 2, 'active', '2022-05-30 13:53:44', '2022-05-30 13:53:44'),
(92, 1, 13, 'active', '2022-05-30 13:53:44', '2022-05-30 13:53:44'),
(93, 17, 30, 'active', '2022-05-30 13:53:44', '2022-05-30 13:53:44'),
(94, 14, 25, 'active', '2022-05-30 13:53:44', '2022-05-30 13:53:44'),
(95, 23, 25, 'active', '2022-05-30 13:53:44', '2022-05-30 13:53:44'),
(96, 25, 11, 'active', '2022-05-30 13:53:44', '2022-05-30 13:53:44'),
(97, 13, 29, 'active', '2022-05-30 13:53:44', '2022-05-30 13:53:44'),
(98, 5, 25, 'active', '2022-05-30 13:53:44', '2022-05-30 13:53:44'),
(99, 30, 24, 'active', '2022-05-30 13:53:44', '2022-05-30 13:53:44'),
(100, 27, 22, 'active', '2022-05-30 13:53:44', '2022-05-30 13:53:44'),
(101, 52, 57, 'active', '2022-05-30 13:54:31', '2022-05-30 13:54:31'),
(102, 25, 59, 'active', '2022-05-30 13:54:31', '2022-05-30 13:54:31'),
(103, 36, 18, 'active', '2022-05-30 13:54:31', '2022-05-30 13:54:31'),
(104, 39, 13, 'active', '2022-05-30 13:54:31', '2022-05-30 13:54:31'),
(105, 52, 48, 'active', '2022-05-30 13:54:31', '2022-05-30 13:54:31'),
(106, 8, 39, 'active', '2022-05-30 13:54:31', '2022-05-30 13:54:31'),
(107, 25, 47, 'active', '2022-05-30 13:54:31', '2022-05-30 13:54:31'),
(108, 58, 7, 'active', '2022-05-30 13:54:31', '2022-05-30 13:54:31'),
(109, 22, 43, 'active', '2022-05-30 13:54:31', '2022-05-30 13:54:31'),
(110, 60, 32, 'active', '2022-05-30 13:54:31', '2022-05-30 13:54:31'),
(111, 49, 9, 'active', '2022-05-30 13:54:31', '2022-05-30 13:54:31'),
(112, 24, 57, 'active', '2022-05-30 13:54:31', '2022-05-30 13:54:31'),
(113, 22, 34, 'active', '2022-05-30 13:54:31', '2022-05-30 13:54:31'),
(114, 32, 8, 'active', '2022-05-30 13:54:31', '2022-05-30 13:54:31'),
(115, 17, 53, 'active', '2022-05-30 13:54:31', '2022-05-30 13:54:31'),
(116, 55, 19, 'active', '2022-05-30 13:54:31', '2022-05-30 13:54:31'),
(117, 52, 47, 'active', '2022-05-30 13:54:31', '2022-05-30 13:54:31'),
(118, 38, 17, 'active', '2022-05-30 13:54:31', '2022-05-30 13:54:31'),
(119, 37, 5, 'active', '2022-05-30 13:54:31', '2022-05-30 13:54:31'),
(120, 10, 5, 'active', '2022-05-30 13:54:31', '2022-05-30 13:54:31'),
(121, 2, 29, 'active', '2022-05-30 13:54:31', '2022-05-30 13:54:31'),
(122, 46, 44, 'active', '2022-05-30 13:54:31', '2022-05-30 13:54:31'),
(123, 28, 42, 'active', '2022-05-30 13:54:32', '2022-05-30 13:54:32'),
(124, 50, 54, 'active', '2022-05-30 13:54:32', '2022-05-30 13:54:32'),
(125, 18, 2, 'active', '2022-05-30 13:54:32', '2022-05-30 13:54:32'),
(126, 30, 40, 'active', '2022-05-30 13:54:32', '2022-05-30 13:54:32'),
(127, 8, 27, 'active', '2022-05-30 13:54:32', '2022-05-30 13:54:32'),
(128, 44, 46, 'active', '2022-05-30 13:54:32', '2022-05-30 13:54:32'),
(129, 4, 54, 'active', '2022-05-30 13:54:32', '2022-05-30 13:54:32'),
(130, 43, 34, 'active', '2022-05-30 13:54:32', '2022-05-30 13:54:32'),
(131, 52, 31, 'active', '2022-05-30 13:54:32', '2022-05-30 13:54:32'),
(132, 6, 31, 'active', '2022-05-30 13:54:32', '2022-05-30 13:54:32'),
(133, 5, 49, 'active', '2022-05-30 13:54:32', '2022-05-30 13:54:32'),
(134, 40, 46, 'active', '2022-05-30 13:54:32', '2022-05-30 13:54:32'),
(135, 3, 2, 'active', '2022-05-30 13:54:32', '2022-05-30 13:54:32'),
(136, 59, 38, 'active', '2022-05-30 13:54:32', '2022-05-30 13:54:32'),
(137, 19, 37, 'active', '2022-05-30 13:54:32', '2022-05-30 13:54:32'),
(138, 46, 43, 'active', '2022-05-30 13:54:32', '2022-05-30 13:54:32'),
(139, 22, 54, 'active', '2022-05-30 13:54:32', '2022-05-30 13:54:32'),
(140, 19, 7, 'active', '2022-05-30 13:54:32', '2022-05-30 13:54:32'),
(141, 36, 34, 'active', '2022-05-30 13:54:32', '2022-05-30 13:54:32'),
(142, 59, 29, 'active', '2022-05-30 13:54:32', '2022-05-30 13:54:32'),
(143, 32, 38, 'active', '2022-05-30 13:54:32', '2022-05-30 13:54:32'),
(144, 15, 22, 'active', '2022-05-30 13:54:32', '2022-05-30 13:54:32'),
(145, 51, 31, 'active', '2022-05-30 13:54:32', '2022-05-30 13:54:32'),
(146, 45, 43, 'active', '2022-05-30 13:54:32', '2022-05-30 13:54:32'),
(147, 34, 15, 'active', '2022-05-30 13:54:32', '2022-05-30 13:54:32'),
(148, 11, 21, 'active', '2022-05-30 13:54:32', '2022-05-30 13:54:32'),
(149, 5, 41, 'active', '2022-05-30 13:54:33', '2022-05-30 13:54:33'),
(150, 4, 2, 'active', '2022-05-30 13:54:33', '2022-05-30 13:54:33'),
(151, 3, 15, 'active', '2022-05-30 13:54:33', '2022-05-30 13:54:33'),
(152, 60, 32, 'active', '2022-05-30 13:54:33', '2022-05-30 13:54:33'),
(153, 26, 48, 'active', '2022-05-30 13:54:33', '2022-05-30 13:54:33'),
(154, 10, 48, 'active', '2022-05-30 13:54:33', '2022-05-30 13:54:33'),
(155, 41, 32, 'active', '2022-05-30 13:54:33', '2022-05-30 13:54:33'),
(156, 54, 42, 'active', '2022-05-30 13:54:33', '2022-05-30 13:54:33'),
(157, 36, 2, 'active', '2022-05-30 13:54:33', '2022-05-30 13:54:33'),
(158, 20, 14, 'active', '2022-05-30 13:54:33', '2022-05-30 13:54:33'),
(159, 21, 46, 'active', '2022-05-30 13:54:33', '2022-05-30 13:54:33'),
(160, 3, 25, 'active', '2022-05-30 13:54:33', '2022-05-30 13:54:33'),
(161, 11, 51, 'active', '2022-05-30 13:54:33', '2022-05-30 13:54:33'),
(162, 41, 41, 'active', '2022-05-30 13:54:33', '2022-05-30 13:54:33'),
(163, 1, 4, 'active', '2022-05-30 13:54:33', '2022-05-30 13:54:33'),
(164, 7, 25, 'active', '2022-05-30 13:54:33', '2022-05-30 13:54:33'),
(165, 48, 51, 'active', '2022-05-30 13:54:33', '2022-05-30 13:54:33'),
(166, 52, 36, 'active', '2022-05-30 13:54:33', '2022-05-30 13:54:33'),
(167, 17, 48, 'active', '2022-05-30 13:54:33', '2022-05-30 13:54:33'),
(168, 60, 25, 'active', '2022-05-30 13:54:33', '2022-05-30 13:54:33'),
(169, 39, 58, 'active', '2022-05-30 13:54:33', '2022-05-30 13:54:33'),
(170, 46, 20, 'active', '2022-05-30 13:54:33', '2022-05-30 13:54:33'),
(171, 24, 17, 'active', '2022-05-30 13:54:33', '2022-05-30 13:54:33'),
(172, 31, 15, 'active', '2022-05-30 13:54:33', '2022-05-30 13:54:33'),
(173, 44, 28, 'active', '2022-05-30 13:54:33', '2022-05-30 13:54:33'),
(174, 30, 32, 'active', '2022-05-30 13:54:33', '2022-05-30 13:54:33'),
(175, 50, 53, 'active', '2022-05-30 13:54:33', '2022-05-30 13:54:33'),
(176, 24, 15, 'active', '2022-05-30 13:54:34', '2022-05-30 13:54:34'),
(177, 17, 55, 'active', '2022-05-30 13:54:34', '2022-05-30 13:54:34'),
(178, 41, 58, 'active', '2022-05-30 13:54:34', '2022-05-30 13:54:34'),
(179, 24, 51, 'active', '2022-05-30 13:54:34', '2022-05-30 13:54:34'),
(180, 60, 54, 'active', '2022-05-30 13:54:34', '2022-05-30 13:54:34'),
(181, 8, 28, 'active', '2022-05-30 13:54:34', '2022-05-30 13:54:34'),
(182, 39, 17, 'active', '2022-05-30 13:54:34', '2022-05-30 13:54:34'),
(183, 36, 16, 'active', '2022-05-30 13:54:34', '2022-05-30 13:54:34'),
(184, 32, 43, 'active', '2022-05-30 13:54:34', '2022-05-30 13:54:34'),
(185, 51, 6, 'active', '2022-05-30 13:54:34', '2022-05-30 13:54:34'),
(186, 31, 31, 'active', '2022-05-30 13:54:34', '2022-05-30 13:54:34'),
(187, 47, 14, 'active', '2022-05-30 13:54:34', '2022-05-30 13:54:34'),
(188, 1, 46, 'active', '2022-05-30 13:54:34', '2022-05-30 13:54:34'),
(189, 26, 31, 'active', '2022-05-30 13:54:34', '2022-05-30 13:54:34'),
(190, 33, 59, 'active', '2022-05-30 13:54:34', '2022-05-30 13:54:34'),
(191, 10, 25, 'active', '2022-05-30 13:54:34', '2022-05-30 13:54:34'),
(192, 32, 41, 'active', '2022-05-30 13:54:34', '2022-05-30 13:54:34'),
(193, 11, 55, 'active', '2022-05-30 13:54:34', '2022-05-30 13:54:34'),
(194, 5, 35, 'active', '2022-05-30 13:54:34', '2022-05-30 13:54:34'),
(195, 54, 31, 'active', '2022-05-30 13:54:34', '2022-05-30 13:54:34'),
(196, 37, 55, 'active', '2022-05-30 13:54:34', '2022-05-30 13:54:34'),
(197, 56, 27, 'active', '2022-05-30 13:54:34', '2022-05-30 13:54:34'),
(198, 38, 26, 'active', '2022-05-30 13:54:34', '2022-05-30 13:54:34'),
(199, 27, 14, 'active', '2022-05-30 13:54:34', '2022-05-30 13:54:34'),
(200, 6, 27, 'active', '2022-05-30 13:54:34', '2022-05-30 13:54:34'),
(201, 68, 53, 'active', '2022-05-30 14:06:46', '2022-05-30 14:06:46'),
(202, 81, 71, 'active', '2022-05-30 14:06:46', '2022-05-30 14:06:46'),
(203, 54, 80, 'active', '2022-05-30 14:06:46', '2022-05-30 14:06:46'),
(204, 82, 55, 'active', '2022-05-30 14:06:46', '2022-05-30 14:06:46'),
(205, 59, 77, 'active', '2022-05-30 14:06:46', '2022-05-30 14:06:46'),
(206, 21, 35, 'active', '2022-05-30 14:06:46', '2022-05-30 14:06:46'),
(207, 83, 11, 'active', '2022-05-30 14:06:46', '2022-05-30 14:06:46'),
(208, 7, 9, 'active', '2022-05-30 14:06:46', '2022-05-30 14:06:46'),
(209, 70, 49, 'active', '2022-05-30 14:06:46', '2022-05-30 14:06:46'),
(210, 60, 14, 'active', '2022-05-30 14:06:46', '2022-05-30 14:06:46'),
(211, 15, 5, 'active', '2022-05-30 14:06:46', '2022-05-30 14:06:46'),
(212, 49, 9, 'active', '2022-05-30 14:06:46', '2022-05-30 14:06:46'),
(213, 57, 89, 'active', '2022-05-30 14:06:46', '2022-05-30 14:06:46'),
(214, 81, 85, 'active', '2022-05-30 14:06:46', '2022-05-30 14:06:46'),
(215, 34, 58, 'active', '2022-05-30 14:06:46', '2022-05-30 14:06:46'),
(216, 81, 59, 'active', '2022-05-30 14:06:46', '2022-05-30 14:06:46'),
(217, 3, 46, 'active', '2022-05-30 14:06:47', '2022-05-30 14:06:47'),
(218, 36, 17, 'active', '2022-05-30 14:06:47', '2022-05-30 14:06:47'),
(219, 53, 38, 'active', '2022-05-30 14:06:47', '2022-05-30 14:06:47'),
(220, 37, 39, 'active', '2022-05-30 14:06:47', '2022-05-30 14:06:47'),
(221, 24, 9, 'active', '2022-05-30 14:06:47', '2022-05-30 14:06:47'),
(222, 2, 43, 'active', '2022-05-30 14:06:47', '2022-05-30 14:06:47'),
(223, 57, 18, 'active', '2022-05-30 14:06:47', '2022-05-30 14:06:47'),
(224, 10, 89, 'active', '2022-05-30 14:06:47', '2022-05-30 14:06:47'),
(225, 31, 47, 'active', '2022-05-30 14:06:47', '2022-05-30 14:06:47'),
(226, 1, 14, 'active', '2022-05-30 14:06:47', '2022-05-30 14:06:47'),
(227, 39, 52, 'active', '2022-05-30 14:06:47', '2022-05-30 14:06:47'),
(228, 90, 79, 'active', '2022-05-30 14:06:47', '2022-05-30 14:06:47'),
(229, 75, 59, 'active', '2022-05-30 14:06:47', '2022-05-30 14:06:47'),
(230, 86, 71, 'active', '2022-05-30 14:06:47', '2022-05-30 14:06:47'),
(231, 51, 33, 'active', '2022-05-30 14:06:47', '2022-05-30 14:06:47'),
(232, 47, 54, 'active', '2022-05-30 14:06:47', '2022-05-30 14:06:47'),
(233, 58, 80, 'active', '2022-05-30 14:06:47', '2022-05-30 14:06:47'),
(234, 4, 24, 'active', '2022-05-30 14:06:47', '2022-05-30 14:06:47'),
(235, 41, 25, 'active', '2022-05-30 14:06:47', '2022-05-30 14:06:47'),
(236, 4, 30, 'active', '2022-05-30 14:06:47', '2022-05-30 14:06:47'),
(237, 69, 64, 'active', '2022-05-30 14:06:47', '2022-05-30 14:06:47'),
(238, 31, 37, 'active', '2022-05-30 14:06:47', '2022-05-30 14:06:47'),
(239, 48, 77, 'active', '2022-05-30 14:06:47', '2022-05-30 14:06:47'),
(240, 86, 12, 'active', '2022-05-30 14:06:47', '2022-05-30 14:06:47'),
(241, 16, 88, 'active', '2022-05-30 14:06:48', '2022-05-30 14:06:48'),
(242, 47, 26, 'active', '2022-05-30 14:06:48', '2022-05-30 14:06:48'),
(243, 66, 74, 'active', '2022-05-30 14:06:48', '2022-05-30 14:06:48'),
(244, 17, 88, 'active', '2022-05-30 14:06:48', '2022-05-30 14:06:48'),
(245, 27, 61, 'active', '2022-05-30 14:06:48', '2022-05-30 14:06:48'),
(246, 45, 26, 'active', '2022-05-30 14:06:48', '2022-05-30 14:06:48'),
(247, 23, 83, 'active', '2022-05-30 14:06:48', '2022-05-30 14:06:48'),
(248, 78, 46, 'active', '2022-05-30 14:06:48', '2022-05-30 14:06:48'),
(249, 80, 63, 'active', '2022-05-30 14:06:48', '2022-05-30 14:06:48'),
(250, 88, 23, 'active', '2022-05-30 14:06:48', '2022-05-30 14:06:48'),
(251, 70, 72, 'active', '2022-05-30 14:06:48', '2022-05-30 14:06:48'),
(252, 6, 32, 'active', '2022-05-30 14:06:48', '2022-05-30 14:06:48'),
(253, 26, 45, 'active', '2022-05-30 14:06:48', '2022-05-30 14:06:48'),
(254, 56, 35, 'active', '2022-05-30 14:06:48', '2022-05-30 14:06:48'),
(255, 37, 52, 'active', '2022-05-30 14:06:48', '2022-05-30 14:06:48'),
(256, 86, 39, 'active', '2022-05-30 14:06:48', '2022-05-30 14:06:48'),
(257, 51, 38, 'active', '2022-05-30 14:06:48', '2022-05-30 14:06:48'),
(258, 62, 37, 'active', '2022-05-30 14:06:48', '2022-05-30 14:06:48'),
(259, 49, 14, 'active', '2022-05-30 14:06:48', '2022-05-30 14:06:48'),
(260, 53, 46, 'active', '2022-05-30 14:06:48', '2022-05-30 14:06:48'),
(261, 72, 63, 'active', '2022-05-30 14:06:48', '2022-05-30 14:06:48'),
(262, 45, 11, 'active', '2022-05-30 14:06:48', '2022-05-30 14:06:48'),
(263, 38, 58, 'active', '2022-05-30 14:06:48', '2022-05-30 14:06:48'),
(264, 26, 84, 'active', '2022-05-30 14:06:48', '2022-05-30 14:06:48'),
(265, 52, 78, 'active', '2022-05-30 14:06:49', '2022-05-30 14:06:49'),
(266, 37, 1, 'active', '2022-05-30 14:06:49', '2022-05-30 14:06:49'),
(267, 73, 3, 'active', '2022-05-30 14:06:49', '2022-05-30 14:06:49'),
(268, 60, 74, 'active', '2022-05-30 14:06:49', '2022-05-30 14:06:49'),
(269, 6, 29, 'active', '2022-05-30 14:06:49', '2022-05-30 14:06:49'),
(270, 86, 65, 'active', '2022-05-30 14:06:49', '2022-05-30 14:06:49'),
(271, 53, 8, 'active', '2022-05-30 14:06:49', '2022-05-30 14:06:49'),
(272, 90, 87, 'active', '2022-05-30 14:06:49', '2022-05-30 14:06:49'),
(273, 50, 15, 'active', '2022-05-30 14:06:49', '2022-05-30 14:06:49'),
(274, 27, 14, 'active', '2022-05-30 14:06:49', '2022-05-30 14:06:49'),
(275, 71, 5, 'active', '2022-05-30 14:06:49', '2022-05-30 14:06:49'),
(276, 12, 35, 'active', '2022-05-30 14:06:49', '2022-05-30 14:06:49'),
(277, 44, 13, 'active', '2022-05-30 14:06:49', '2022-05-30 14:06:49'),
(278, 84, 52, 'active', '2022-05-30 14:06:49', '2022-05-30 14:06:49'),
(279, 6, 27, 'active', '2022-05-30 14:06:49', '2022-05-30 14:06:49'),
(280, 43, 39, 'active', '2022-05-30 14:06:49', '2022-05-30 14:06:49'),
(281, 10, 6, 'active', '2022-05-30 14:06:49', '2022-05-30 14:06:49'),
(282, 18, 17, 'active', '2022-05-30 14:06:49', '2022-05-30 14:06:49'),
(283, 19, 1, 'active', '2022-05-30 14:06:49', '2022-05-30 14:06:49'),
(284, 77, 17, 'active', '2022-05-30 14:06:49', '2022-05-30 14:06:49'),
(285, 46, 84, 'active', '2022-05-30 14:06:49', '2022-05-30 14:06:49'),
(286, 29, 31, 'active', '2022-05-30 14:06:49', '2022-05-30 14:06:49'),
(287, 46, 13, 'active', '2022-05-30 14:06:49', '2022-05-30 14:06:49'),
(288, 2, 8, 'active', '2022-05-30 14:06:50', '2022-05-30 14:06:50'),
(289, 89, 40, 'active', '2022-05-30 14:06:50', '2022-05-30 14:06:50'),
(290, 16, 69, 'active', '2022-05-30 14:06:50', '2022-05-30 14:06:50'),
(291, 79, 65, 'active', '2022-05-30 14:06:50', '2022-05-30 14:06:50'),
(292, 51, 71, 'active', '2022-05-30 14:06:50', '2022-05-30 14:06:50'),
(293, 83, 75, 'active', '2022-05-30 14:06:50', '2022-05-30 14:06:50'),
(294, 25, 53, 'active', '2022-05-30 14:06:50', '2022-05-30 14:06:50'),
(295, 30, 1, 'active', '2022-05-30 14:06:50', '2022-05-30 14:06:50'),
(296, 54, 45, 'active', '2022-05-30 14:06:50', '2022-05-30 14:06:50'),
(297, 66, 71, 'active', '2022-05-30 14:06:50', '2022-05-30 14:06:50'),
(298, 81, 5, 'active', '2022-05-30 14:06:50', '2022-05-30 14:06:50'),
(299, 32, 18, 'active', '2022-05-30 14:06:50', '2022-05-30 14:06:50'),
(300, 35, 47, 'active', '2022-05-30 14:06:50', '2022-05-30 14:06:50');

-- --------------------------------------------------------

--
-- Table structure for table `projects`
--

CREATE TABLE `projects` (
  `id` bigint(20) UNSIGNED NOT NULL,
  `title` varchar(255) COLLATE utf8mb4_unicode_ci NOT NULL,
  `created_at` timestamp NULL DEFAULT NULL,
  `updated_at` timestamp NULL DEFAULT NULL
) ENGINE=InnoDB DEFAULT CHARSET=utf8mb4 COLLATE=utf8mb4_unicode_ci;

--
-- Dumping data for table `projects`
--

INSERT INTO `projects` (`id`, `title`, `created_at`, `updated_at`) VALUES
(1, 'Aspernatur dolore est non ea voluptas.', '2022-05-30 13:53:35', '2022-05-30 13:53:35'),
(2, 'Dolores ut minima suscipit soluta.', '2022-05-30 13:53:35', '2022-05-30 13:53:35'),
(3, 'Molestiae illum earum est ut atque.', '2022-05-30 13:53:35', '2022-05-30 13:53:35'),
(4, 'Sit saepe commodi velit facilis earum.', '2022-05-30 13:53:35', '2022-05-30 13:53:35'),
(5, 'Commodi vel facilis ut qui iure.', '2022-05-30 13:53:36', '2022-05-30 13:53:36'),
(6, 'Aut eaque non provident voluptatum.', '2022-05-30 13:54:24', '2022-05-30 13:54:24'),
(7, 'Quia pariatur ut voluptatem rem et numquam.', '2022-05-30 13:54:24', '2022-05-30 13:54:24'),
(8, 'Ad ipsam occaecati explicabo sit non necessitatibus ab.', '2022-05-30 13:54:25', '2022-05-30 13:54:25'),
(9, 'Iste ab unde adipisci voluptas.', '2022-05-30 13:54:25', '2022-05-30 13:54:25'),
(10, 'Aut voluptatem officiis dolorem enim blanditiis omnis.', '2022-05-30 13:54:25', '2022-05-30 13:54:25'),
(11, 'Qui tempore nam adipisci quasi iste maxime.', '2022-05-30 14:06:39', '2022-05-30 14:06:39'),
(12, 'Nostrum molestiae nesciunt cupiditate.', '2022-05-30 14:06:39', '2022-05-30 14:06:39'),
(13, 'Numquam et eaque in.', '2022-05-30 14:06:39', '2022-05-30 14:06:39'),
(14, 'Sunt est quam eum non eligendi.', '2022-05-30 14:06:39', '2022-05-30 14:06:39'),
(15, 'Qui dolores quod sunt quia in sed dolorum sed.', '2022-05-30 14:06:40', '2022-05-30 14:06:40');

-- --------------------------------------------------------

--
-- Table structure for table `project_ones`
--

CREATE TABLE `project_ones` (
  `id` bigint(20) UNSIGNED NOT NULL,
  `title` varchar(255) COLLATE utf8mb4_unicode_ci NOT NULL,
  `created_at` timestamp NULL DEFAULT NULL,
  `updated_at` timestamp NULL DEFAULT NULL
) ENGINE=InnoDB DEFAULT CHARSET=utf8mb4 COLLATE=utf8mb4_unicode_ci;

--
-- Dumping data for table `project_ones`
--

INSERT INTO `project_ones` (`id`, `title`, `created_at`, `updated_at`) VALUES
(1, 'Ms.', '2022-05-30 13:53:44', '2022-05-30 13:53:44'),
(2, 'Dr.', '2022-05-30 13:53:44', '2022-05-30 13:53:44'),
(3, 'Prof.', '2022-05-30 13:53:44', '2022-05-30 13:53:44'),
(4, 'Dr.', '2022-05-30 13:53:44', '2022-05-30 13:53:44'),
(5, 'Prof.', '2022-05-30 13:53:44', '2022-05-30 13:53:44'),
(6, 'Dr.', '2022-05-30 13:53:45', '2022-05-30 13:53:45'),
(7, 'Ms.', '2022-05-30 13:53:45', '2022-05-30 13:53:45'),
(8, 'Dr.', '2022-05-30 13:53:45', '2022-05-30 13:53:45'),
(9, 'Dr.', '2022-05-30 13:53:45', '2022-05-30 13:53:45'),
(10, 'Dr.', '2022-05-30 13:53:45', '2022-05-30 13:53:45'),
(11, 'Prof.', '2022-05-30 13:53:45', '2022-05-30 13:53:45'),
(12, 'Ms.', '2022-05-30 13:53:45', '2022-05-30 13:53:45'),
(13, 'Mrs.', '2022-05-30 13:53:45', '2022-05-30 13:53:45'),
(14, 'Mr.', '2022-05-30 13:53:45', '2022-05-30 13:53:45'),
(15, 'Ms.', '2022-05-30 13:53:45', '2022-05-30 13:53:45'),
(16, 'Dr.', '2022-05-30 13:53:45', '2022-05-30 13:53:45'),
(17, 'Mr.', '2022-05-30 13:53:45', '2022-05-30 13:53:45'),
(18, 'Ms.', '2022-05-30 13:53:45', '2022-05-30 13:53:45'),
(19, 'Mr.', '2022-05-30 13:53:45', '2022-05-30 13:53:45'),
(20, 'Prof.', '2022-05-30 13:53:45', '2022-05-30 13:53:45'),
(21, 'Prof.', '2022-05-30 13:54:34', '2022-05-30 13:54:34'),
(22, 'Dr.', '2022-05-30 13:54:34', '2022-05-30 13:54:34'),
(23, 'Ms.', '2022-05-30 13:54:34', '2022-05-30 13:54:34'),
(24, 'Dr.', '2022-05-30 13:54:34', '2022-05-30 13:54:34'),
(25, 'Prof.', '2022-05-30 13:54:35', '2022-05-30 13:54:35'),
(26, 'Mrs.', '2022-05-30 13:54:35', '2022-05-30 13:54:35'),
(27, 'Prof.', '2022-05-30 13:54:35', '2022-05-30 13:54:35'),
(28, 'Prof.', '2022-05-30 13:54:35', '2022-05-30 13:54:35'),
(29, 'Miss', '2022-05-30 13:54:35', '2022-05-30 13:54:35'),
(30, 'Mr.', '2022-05-30 13:54:35', '2022-05-30 13:54:35'),
(31, 'Mr.', '2022-05-30 13:54:35', '2022-05-30 13:54:35'),
(32, 'Prof.', '2022-05-30 13:54:35', '2022-05-30 13:54:35'),
(33, 'Prof.', '2022-05-30 13:54:35', '2022-05-30 13:54:35'),
(34, 'Mr.', '2022-05-30 13:54:35', '2022-05-30 13:54:35'),
(35, 'Miss', '2022-05-30 13:54:35', '2022-05-30 13:54:35'),
(36, 'Mr.', '2022-05-30 13:54:35', '2022-05-30 13:54:35'),
(37, 'Ms.', '2022-05-30 13:54:35', '2022-05-30 13:54:35'),
(38, 'Mr.', '2022-05-30 13:54:35', '2022-05-30 13:54:35'),
(39, 'Mrs.', '2022-05-30 13:54:35', '2022-05-30 13:54:35'),
(40, 'Mrs.', '2022-05-30 13:54:35', '2022-05-30 13:54:35'),
(41, 'Dr.', '2022-05-30 14:06:50', '2022-05-30 14:06:50'),
(42, 'Prof.', '2022-05-30 14:06:50', '2022-05-30 14:06:50'),
(43, 'Mr.', '2022-05-30 14:06:50', '2022-05-30 14:06:50'),
(44, 'Mr.', '2022-05-30 14:06:50', '2022-05-30 14:06:50'),
(45, 'Dr.', '2022-05-30 14:06:50', '2022-05-30 14:06:50'),
(46, 'Prof.', '2022-05-30 14:06:50', '2022-05-30 14:06:50'),
(47, 'Mr.', '2022-05-30 14:06:50', '2022-05-30 14:06:50'),
(48, 'Prof.', '2022-05-30 14:06:50', '2022-05-30 14:06:50'),
(49, 'Mr.', '2022-05-30 14:06:50', '2022-05-30 14:06:50'),
(50, 'Prof.', '2022-05-30 14:06:50', '2022-05-30 14:06:50'),
(51, 'Mr.', '2022-05-30 14:06:50', '2022-05-30 14:06:50'),
(52, 'Dr.', '2022-05-30 14:06:50', '2022-05-30 14:06:50'),
(53, 'Miss', '2022-05-30 14:06:50', '2022-05-30 14:06:50'),
(54, 'Mrs.', '2022-05-30 14:06:51', '2022-05-30 14:06:51'),
(55, 'Mr.', '2022-05-30 14:06:51', '2022-05-30 14:06:51'),
(56, 'Dr.', '2022-05-30 14:06:51', '2022-05-30 14:06:51'),
(57, 'Prof.', '2022-05-30 14:06:51', '2022-05-30 14:06:51'),
(58, 'Mr.', '2022-05-30 14:06:51', '2022-05-30 14:06:51'),
(59, 'Dr.', '2022-05-30 14:06:51', '2022-05-30 14:06:51'),
(60, 'Prof.', '2022-05-30 14:06:51', '2022-05-30 14:06:51');

-- --------------------------------------------------------

--
-- Table structure for table `project_user`
--

CREATE TABLE `project_user` (
  `project_id` bigint(20) NOT NULL,
  `user_id` bigint(20) NOT NULL,
  `created_at` timestamp NULL DEFAULT NULL,
  `updated_at` timestamp NULL DEFAULT NULL
) ENGINE=InnoDB DEFAULT CHARSET=utf8mb4 COLLATE=utf8mb4_unicode_ci;

--
-- Dumping data for table `project_user`
--

INSERT INTO `project_user` (`project_id`, `user_id`, `created_at`, `updated_at`) VALUES
(3, 7, '2022-05-29 12:15:27', '2022-05-29 12:15:27'),
(2, 11, '2022-05-29 12:15:27', '2022-05-29 12:15:27'),
(4, 2, '2022-05-29 12:15:27', '2022-05-29 12:15:27'),
(18, 7, '2022-05-29 12:15:27', '2022-05-29 12:15:27'),
(3, 19, '2022-05-29 12:15:27', '2022-05-29 12:15:27'),
(16, 14, '2022-05-29 12:15:27', '2022-05-29 12:15:27'),
(10, 2, '2022-05-29 12:15:27', '2022-05-29 12:15:27'),
(4, 19, '2022-05-29 12:15:27', '2022-05-29 12:15:27'),
(2, 17, '2022-05-29 12:15:27', '2022-05-29 12:15:27'),
(2, 8, '2022-05-29 12:15:27', '2022-05-29 12:15:27'),
(11, 11, '2022-05-29 12:15:27', '2022-05-29 12:15:27'),
(14, 2, '2022-05-29 12:15:27', '2022-05-29 12:15:27'),
(17, 7, '2022-05-29 12:15:27', '2022-05-29 12:15:27'),
(19, 19, '2022-05-29 12:15:27', '2022-05-29 12:15:27'),
(19, 18, '2022-05-29 12:15:27', '2022-05-29 12:15:27'),
(2, 10, '2022-05-29 12:15:27', '2022-05-29 12:15:27'),
(6, 18, '2022-05-29 12:15:27', '2022-05-29 12:15:27'),
(2, 8, '2022-05-29 12:15:27', '2022-05-29 12:15:27'),
(13, 10, '2022-05-29 12:15:27', '2022-05-29 12:15:27'),
(17, 10, '2022-05-29 12:15:27', '2022-05-29 12:15:27');

-- --------------------------------------------------------

--
-- Table structure for table `project_user_one`
--

CREATE TABLE `project_user_one` (
  `project_id` bigint(20) NOT NULL,
  `user_id` bigint(20) NOT NULL,
  `created_at` timestamp NULL DEFAULT NULL,
  `updated_at` timestamp NULL DEFAULT NULL
) ENGINE=InnoDB DEFAULT CHARSET=utf8mb4 COLLATE=utf8mb4_unicode_ci;

--
-- Dumping data for table `project_user_one`
--

INSERT INTO `project_user_one` (`project_id`, `user_id`, `created_at`, `updated_at`) VALUES
(19, 14, '2022-05-30 13:53:46', '2022-05-30 13:53:46'),
(8, 8, '2022-05-30 13:53:46', '2022-05-30 13:53:46'),
(16, 15, '2022-05-30 13:53:46', '2022-05-30 13:53:46'),
(13, 4, '2022-05-30 13:53:46', '2022-05-30 13:53:46'),
(16, 11, '2022-05-30 13:53:47', '2022-05-30 13:53:47'),
(7, 15, '2022-05-30 13:53:47', '2022-05-30 13:53:47'),
(13, 11, '2022-05-30 13:53:47', '2022-05-30 13:53:47'),
(9, 9, '2022-05-30 13:53:47', '2022-05-30 13:53:47'),
(1, 15, '2022-05-30 13:53:47', '2022-05-30 13:53:47'),
(13, 14, '2022-05-30 13:53:47', '2022-05-30 13:53:47'),
(13, 16, '2022-05-30 13:53:47', '2022-05-30 13:53:47'),
(2, 1, '2022-05-30 13:53:47', '2022-05-30 13:53:47'),
(12, 4, '2022-05-30 13:53:47', '2022-05-30 13:53:47'),
(18, 7, '2022-05-30 13:53:47', '2022-05-30 13:53:47'),
(13, 13, '2022-05-30 13:53:47', '2022-05-30 13:53:47'),
(2, 7, '2022-05-30 13:53:47', '2022-05-30 13:53:47'),
(16, 4, '2022-05-30 13:53:47', '2022-05-30 13:53:47'),
(17, 10, '2022-05-30 13:53:47', '2022-05-30 13:53:47'),
(4, 4, '2022-05-30 13:53:47', '2022-05-30 13:53:47'),
(7, 2, '2022-05-30 13:53:47', '2022-05-30 13:53:47'),
(7, 19, '2022-05-30 13:54:36', '2022-05-30 13:54:36'),
(21, 34, '2022-05-30 13:54:36', '2022-05-30 13:54:36'),
(11, 35, '2022-05-30 13:54:36', '2022-05-30 13:54:36'),
(20, 13, '2022-05-30 13:54:36', '2022-05-30 13:54:36'),
(34, 31, '2022-05-30 13:54:36', '2022-05-30 13:54:36'),
(35, 31, '2022-05-30 13:54:36', '2022-05-30 13:54:36'),
(40, 25, '2022-05-30 13:54:36', '2022-05-30 13:54:36'),
(5, 36, '2022-05-30 13:54:37', '2022-05-30 13:54:37'),
(27, 33, '2022-05-30 13:54:37', '2022-05-30 13:54:37'),
(2, 24, '2022-05-30 13:54:37', '2022-05-30 13:54:37'),
(7, 32, '2022-05-30 13:54:37', '2022-05-30 13:54:37'),
(15, 18, '2022-05-30 13:54:37', '2022-05-30 13:54:37'),
(27, 13, '2022-05-30 13:54:37', '2022-05-30 13:54:37'),
(4, 39, '2022-05-30 13:54:37', '2022-05-30 13:54:37'),
(7, 25, '2022-05-30 13:54:37', '2022-05-30 13:54:37'),
(36, 25, '2022-05-30 13:54:37', '2022-05-30 13:54:37'),
(6, 10, '2022-05-30 13:54:37', '2022-05-30 13:54:37'),
(34, 37, '2022-05-30 13:54:37', '2022-05-30 13:54:37'),
(7, 16, '2022-05-30 13:54:37', '2022-05-30 13:54:37'),
(20, 8, '2022-05-30 13:54:37', '2022-05-30 13:54:37'),
(14, 22, '2022-05-30 14:06:52', '2022-05-30 14:06:52'),
(57, 21, '2022-05-30 14:06:52', '2022-05-30 14:06:52'),
(60, 15, '2022-05-30 14:06:52', '2022-05-30 14:06:52'),
(41, 5, '2022-05-30 14:06:52', '2022-05-30 14:06:52'),
(8, 14, '2022-05-30 14:06:52', '2022-05-30 14:06:52'),
(37, 1, '2022-05-30 14:06:52', '2022-05-30 14:06:52'),
(11, 30, '2022-05-30 14:06:52', '2022-05-30 14:06:52'),
(22, 24, '2022-05-30 14:06:52', '2022-05-30 14:06:52'),
(21, 21, '2022-05-30 14:06:52', '2022-05-30 14:06:52'),
(2, 53, '2022-05-30 14:06:52', '2022-05-30 14:06:52'),
(29, 53, '2022-05-30 14:06:52', '2022-05-30 14:06:52'),
(43, 57, '2022-05-30 14:06:52', '2022-05-30 14:06:52'),
(29, 43, '2022-05-30 14:06:52', '2022-05-30 14:06:52'),
(35, 52, '2022-05-30 14:06:52', '2022-05-30 14:06:52'),
(1, 34, '2022-05-30 14:06:52', '2022-05-30 14:06:52'),
(35, 15, '2022-05-30 14:06:52', '2022-05-30 14:06:52'),
(10, 1, '2022-05-30 14:06:52', '2022-05-30 14:06:52'),
(4, 5, '2022-05-30 14:06:52', '2022-05-30 14:06:52'),
(2, 53, '2022-05-30 14:06:52', '2022-05-30 14:06:52'),
(13, 57, '2022-05-30 14:06:52', '2022-05-30 14:06:52');

-- --------------------------------------------------------

--
-- Table structure for table `taggables`
--

CREATE TABLE `taggables` (
  `tag_id` int(11) NOT NULL,
  `taggable_id` int(11) NOT NULL,
  `taggable_type` varchar(255) COLLATE utf8mb4_unicode_ci NOT NULL
) ENGINE=InnoDB DEFAULT CHARSET=utf8mb4 COLLATE=utf8mb4_unicode_ci;

--
-- Dumping data for table `taggables`
--

INSERT INTO `taggables` (`tag_id`, `taggable_id`, `taggable_type`) VALUES
(97, 1, 'App\\Models\\Post'),
(98, 1, 'App\\Models\\Post'),
(1, 1, 'App\\Models\\Post'),
(1, 1, 'App\\Models\\Post'),
(1, 1, 'App\\Models\\Post'),
(1, 1, 'App\\Models\\Post'),
(1, 2, 'App\\Models\\Post');

-- --------------------------------------------------------

--
-- Table structure for table `tags`
--

CREATE TABLE `tags` (
  `id` bigint(20) UNSIGNED NOT NULL,
  `name` varchar(255) COLLATE utf8mb4_unicode_ci NOT NULL,
  `created_at` timestamp NULL DEFAULT NULL,
  `updated_at` timestamp NULL DEFAULT NULL
) ENGINE=InnoDB DEFAULT CHARSET=utf8mb4 COLLATE=utf8mb4_unicode_ci;

--
-- Dumping data for table `tags`
--

INSERT INTO `tags` (`id`, `name`, `created_at`, `updated_at`) VALUES
(1, 'Madisyn Runte Sr.', '2022-05-30 13:53:39', '2022-05-30 13:53:39'),
(2, 'Daphnee D\'Amore', '2022-05-30 13:53:39', '2022-05-30 13:53:39'),
(3, 'Prof. Saige Klein', '2022-05-30 13:53:39', '2022-05-30 13:53:39'),
(4, 'Prof. Omari Stroman Sr.', '2022-05-30 13:53:39', '2022-05-30 13:53:39'),
(5, 'Emile Bernhard', '2022-05-30 13:53:39', '2022-05-30 13:53:39'),
(6, 'Melany Kling', '2022-05-30 13:53:39', '2022-05-30 13:53:39'),
(7, 'Anissa Lockman', '2022-05-30 13:53:39', '2022-05-30 13:53:39'),
(8, 'Nia Schneider', '2022-05-30 13:53:39', '2022-05-30 13:53:39'),
(9, 'Cathryn Zboncak', '2022-05-30 13:53:39', '2022-05-30 13:53:39'),
(10, 'Dr. Gregoria Johnston', '2022-05-30 13:53:40', '2022-05-30 13:53:40'),
(11, 'Angie Hoeger PhD', '2022-05-30 13:53:40', '2022-05-30 13:53:40'),
(12, 'Quincy Bergnaum', '2022-05-30 13:53:40', '2022-05-30 13:53:40'),
(13, 'Lesly Hyatt', '2022-05-30 13:53:40', '2022-05-30 13:53:40'),
(14, 'Sabrina Cummerata', '2022-05-30 13:53:40', '2022-05-30 13:53:40'),
(15, 'Queenie Mitchell I', '2022-05-30 13:53:40', '2022-05-30 13:53:40'),
(16, 'Nolan Schmeler', '2022-05-30 13:53:40', '2022-05-30 13:53:40'),
(17, 'Watson Kerluke IV', '2022-05-30 13:53:40', '2022-05-30 13:53:40'),
(18, 'Eino Spinka', '2022-05-30 13:53:40', '2022-05-30 13:53:40'),
(19, 'Elmore Mayert', '2022-05-30 13:53:40', '2022-05-30 13:53:40'),
(20, 'Nettie Sawayn', '2022-05-30 13:53:40', '2022-05-30 13:53:40'),
(21, 'Meredith Carroll', '2022-05-30 13:53:40', '2022-05-30 13:53:40'),
(22, 'Aliya Rodriguez DVM', '2022-05-30 13:53:40', '2022-05-30 13:53:40'),
(23, 'Maegan Hintz', '2022-05-30 13:53:40', '2022-05-30 13:53:40'),
(24, 'Dr. Meaghan Carter DVM', '2022-05-30 13:53:40', '2022-05-30 13:53:40'),
(25, 'Cleo Renner', '2022-05-30 13:53:40', '2022-05-30 13:53:40'),
(26, 'Lorena Friesen', '2022-05-30 13:53:40', '2022-05-30 13:53:40'),
(27, 'Maiya Goyette', '2022-05-30 13:53:40', '2022-05-30 13:53:40'),
(28, 'Delta Deckow', '2022-05-30 13:53:40', '2022-05-30 13:53:40'),
(29, 'Dejah Johnson', '2022-05-30 13:53:40', '2022-05-30 13:53:40'),
(30, 'Filiberto Christiansen', '2022-05-30 13:53:40', '2022-05-30 13:53:40'),
(31, 'Ms. Laurence Wiza', '2022-05-30 13:54:29', '2022-05-30 13:54:29'),
(32, 'Mr. Braxton Bosco II', '2022-05-30 13:54:29', '2022-05-30 13:54:29'),
(33, 'Eliane Nader', '2022-05-30 13:54:29', '2022-05-30 13:54:29'),
(34, 'Maiya Watsica II', '2022-05-30 13:54:29', '2022-05-30 13:54:29'),
(35, 'Miss Kristy Jaskolski', '2022-05-30 13:54:29', '2022-05-30 13:54:29'),
(36, 'Fermin Heller', '2022-05-30 13:54:29', '2022-05-30 13:54:29'),
(37, 'Michaela Dare', '2022-05-30 13:54:29', '2022-05-30 13:54:29'),
(38, 'Reyna Rippin', '2022-05-30 13:54:29', '2022-05-30 13:54:29'),
(39, 'Sandy Pfeffer', '2022-05-30 13:54:30', '2022-05-30 13:54:30'),
(40, 'Mrs. Daisha Block PhD', '2022-05-30 13:54:30', '2022-05-30 13:54:30'),
(41, 'Arvel Labadie', '2022-05-30 13:54:30', '2022-05-30 13:54:30'),
(42, 'Schuyler Nitzsche', '2022-05-30 13:54:30', '2022-05-30 13:54:30'),
(43, 'Miss Duane Treutel', '2022-05-30 13:54:30', '2022-05-30 13:54:30'),
(44, 'Dortha Thompson V', '2022-05-30 13:54:30', '2022-05-30 13:54:30'),
(45, 'Dr. Cleveland Crona Sr.', '2022-05-30 13:54:30', '2022-05-30 13:54:30'),
(46, 'Sydni Nader I', '2022-05-30 13:54:30', '2022-05-30 13:54:30'),
(47, 'Gardner Mertz', '2022-05-30 13:54:30', '2022-05-30 13:54:30'),
(48, 'Melissa O\'Connell II', '2022-05-30 13:54:30', '2022-05-30 13:54:30'),
(49, 'Joesph Fritsch PhD', '2022-05-30 13:54:30', '2022-05-30 13:54:30'),
(50, 'Prof. Ike Schmeler Sr.', '2022-05-30 13:54:30', '2022-05-30 13:54:30'),
(51, 'Alessandra Littel', '2022-05-30 13:54:30', '2022-05-30 13:54:30'),
(52, 'Meta Goldner', '2022-05-30 13:54:30', '2022-05-30 13:54:30'),
(53, 'Adan Predovic', '2022-05-30 13:54:30', '2022-05-30 13:54:30'),
(54, 'Donny Dooley DVM', '2022-05-30 13:54:30', '2022-05-30 13:54:30'),
(55, 'Cayla Mante', '2022-05-30 13:54:30', '2022-05-30 13:54:30'),
(56, 'Dejah Kassulke', '2022-05-30 13:54:30', '2022-05-30 13:54:30'),
(57, 'Alexa Hills', '2022-05-30 13:54:30', '2022-05-30 13:54:30'),
(58, 'Derek Vandervort', '2022-05-30 13:54:30', '2022-05-30 13:54:30'),
(59, 'Victor Wiegand V', '2022-05-30 13:54:30', '2022-05-30 13:54:30'),
(60, 'Guadalupe Windler', '2022-05-30 13:54:30', '2022-05-30 13:54:30'),
(61, 'Rowan Gutmann', '2022-05-30 14:06:44', '2022-05-30 14:06:44'),
(62, 'Dallin Green', '2022-05-30 14:06:44', '2022-05-30 14:06:44'),
(63, 'Santos Nikolaus', '2022-05-30 14:06:44', '2022-05-30 14:06:44'),
(64, 'Yolanda Klein', '2022-05-30 14:06:44', '2022-05-30 14:06:44'),
(65, 'Amie Bosco PhD', '2022-05-30 14:06:44', '2022-05-30 14:06:44'),
(66, 'Rafael Mosciski MD', '2022-05-30 14:06:44', '2022-05-30 14:06:44'),
(67, 'Hayden Feest', '2022-05-30 14:06:44', '2022-05-30 14:06:44'),
(68, 'Billie Luettgen IV', '2022-05-30 14:06:44', '2022-05-30 14:06:44'),
(69, 'Dr. Vince Kuphal IV', '2022-05-30 14:06:44', '2022-05-30 14:06:44'),
(70, 'Tad Kub', '2022-05-30 14:06:44', '2022-05-30 14:06:44'),
(71, 'Esmeralda Schuster MD', '2022-05-30 14:06:44', '2022-05-30 14:06:44'),
(72, 'Raphaelle Schuppe II', '2022-05-30 14:06:44', '2022-05-30 14:06:44'),
(73, 'Pinkie Schimmel', '2022-05-30 14:06:44', '2022-05-30 14:06:44'),
(74, 'Daren Blanda', '2022-05-30 14:06:44', '2022-05-30 14:06:44'),
(75, 'Agnes Ebert DVM', '2022-05-30 14:06:44', '2022-05-30 14:06:44'),
(76, 'Mitchell Herzog', '2022-05-30 14:06:44', '2022-05-30 14:06:44'),
(77, 'Dr. Lester Ondricka', '2022-05-30 14:06:44', '2022-05-30 14:06:44'),
(78, 'Hailey Schroeder', '2022-05-30 14:06:44', '2022-05-30 14:06:44'),
(79, 'Merlin Predovic', '2022-05-30 14:06:45', '2022-05-30 14:06:45'),
(80, 'Mayra Feest', '2022-05-30 14:06:45', '2022-05-30 14:06:45'),
(81, 'Jed Bartoletti', '2022-05-30 14:06:45', '2022-05-30 14:06:45'),
(82, 'Clinton Bahringer', '2022-05-30 14:06:45', '2022-05-30 14:06:45'),
(83, 'Stacey Pollich', '2022-05-30 14:06:45', '2022-05-30 14:06:45'),
(84, 'Molly McLaughlin DVM', '2022-05-30 14:06:45', '2022-05-30 14:06:45'),
(85, 'Amely Dickinson', '2022-05-30 14:06:45', '2022-05-30 14:06:45'),
(86, 'Concepcion Stark V', '2022-05-30 14:06:45', '2022-05-30 14:06:45'),
(87, 'Monte Osinski', '2022-05-30 14:06:45', '2022-05-30 14:06:45'),
(88, 'Davon Mohr', '2022-05-30 14:06:45', '2022-05-30 14:06:45'),
(89, 'Naomi Renner II', '2022-05-30 14:06:45', '2022-05-30 14:06:45'),
(90, 'Prof. Jacquelyn Klocko Jr.', '2022-05-30 14:06:45', '2022-05-30 14:06:45'),
(91, 'Tag 1', '2022-05-31 12:18:48', '2022-05-31 12:18:48'),
(92, 'ItSolutionStuff.com', '2022-05-31 12:25:50', '2022-05-31 12:25:50'),
(93, 'ItSolutionStuff.com', '2022-05-31 12:26:42', '2022-05-31 12:26:42'),
(94, 'Tag 1', '2022-05-31 12:27:02', '2022-05-31 12:27:02'),
(95, 'Tag 1', '2022-05-31 12:28:35', '2022-05-31 12:28:35'),
(96, 'Tag 1', '2022-05-31 12:30:37', '2022-05-31 12:30:37'),
(97, 'ItSolutionStuff.com', '2022-05-31 12:32:42', '2022-05-31 12:32:42'),
(98, ' lotifur rahama', '2022-05-31 12:36:58', '2022-05-31 12:36:58');

-- --------------------------------------------------------

--
-- Table structure for table `tasks`
--

CREATE TABLE `tasks` (
  `id` bigint(20) UNSIGNED NOT NULL,
  `user_id` bigint(20) NOT NULL,
  `title` varchar(255) COLLATE utf8mb4_unicode_ci NOT NULL,
  `created_at` timestamp NULL DEFAULT NULL,
  `updated_at` timestamp NULL DEFAULT NULL
) ENGINE=InnoDB DEFAULT CHARSET=utf8mb4 COLLATE=utf8mb4_unicode_ci;

--
-- Dumping data for table `tasks`
--

INSERT INTO `tasks` (`id`, `user_id`, `title`, `created_at`, `updated_at`) VALUES
(1, 7, 'Sint enim quae omnis debitis.', '2022-05-30 13:53:36', '2022-05-30 13:53:36'),
(2, 11, 'Quo soluta commodi tenetur odio id hic nihil.', '2022-05-30 13:53:36', '2022-05-30 13:53:36'),
(3, 10, 'Quasi et et nam doloremque non.', '2022-05-30 13:53:36', '2022-05-30 13:53:36'),
(4, 6, 'Praesentium fugiat dolor et eos quibusdam distinctio.', '2022-05-30 13:53:36', '2022-05-30 13:53:36'),
(5, 4, 'Voluptatum incidunt optio modi numquam vel.', '2022-05-30 13:53:36', '2022-05-30 13:53:36'),
(6, 6, 'Est qui tempore cumque dignissimos minus voluptas.', '2022-05-30 13:53:36', '2022-05-30 13:53:36'),
(7, 1, 'Harum dolorem sit nostrum voluptate ipsa aliquam delectus.', '2022-05-30 13:53:36', '2022-05-30 13:53:36'),
(8, 7, 'Doloremque non est consequatur odio totam qui libero.', '2022-05-30 13:53:36', '2022-05-30 13:53:36'),
(9, 12, 'Vero doloremque asperiores illum pariatur consectetur ducimus.', '2022-05-30 13:53:36', '2022-05-30 13:53:36'),
(10, 7, 'Et quaerat est saepe aliquid est.', '2022-05-30 13:53:36', '2022-05-30 13:53:36'),
(11, 6, 'Vitae ut error quis voluptas sequi.', '2022-05-30 13:53:37', '2022-05-30 13:53:37'),
(12, 10, 'Repellat ut qui quia aspernatur eius quisquam.', '2022-05-30 13:53:37', '2022-05-30 13:53:37'),
(13, 7, 'Praesentium ex quibusdam ut velit eveniet est nobis.', '2022-05-30 13:53:37', '2022-05-30 13:53:37'),
(14, 14, 'Sed perferendis rerum corrupti voluptatibus consectetur.', '2022-05-30 13:53:37', '2022-05-30 13:53:37'),
(15, 10, 'Praesentium repudiandae et consequatur aspernatur.', '2022-05-30 13:53:37', '2022-05-30 13:53:37'),
(16, 12, 'Exercitationem quas aut dolorem molestiae adipisci recusandae numquam.', '2022-05-30 13:53:37', '2022-05-30 13:53:37'),
(17, 4, 'Saepe ut odit atque odio aut.', '2022-05-30 13:53:37', '2022-05-30 13:53:37'),
(18, 7, 'A quia sint eos eos aut adipisci.', '2022-05-30 13:53:37', '2022-05-30 13:53:37'),
(19, 1, 'Repellat dolor porro cupiditate aliquam tempore dolore in numquam.', '2022-05-30 13:53:37', '2022-05-30 13:53:37'),
(20, 2, 'Quaerat ratione dolorem doloremque.', '2022-05-30 13:53:37', '2022-05-30 13:53:37'),
(21, 3, 'Et maiores expedita eius incidunt quasi.', '2022-05-30 13:53:37', '2022-05-30 13:53:37'),
(22, 15, 'Veritatis enim beatae voluptatum officiis vitae quis sed.', '2022-05-30 13:53:37', '2022-05-30 13:53:37'),
(23, 4, 'Excepturi asperiores debitis sed esse labore sapiente reprehenderit.', '2022-05-30 13:53:37', '2022-05-30 13:53:37'),
(24, 2, 'Inventore et repellendus eos eos.', '2022-05-30 13:53:37', '2022-05-30 13:53:37'),
(25, 10, 'Sunt distinctio soluta est excepturi.', '2022-05-30 13:53:37', '2022-05-30 13:53:37'),
(26, 4, 'Accusantium ipsum magnam dolorum.', '2022-05-30 13:53:37', '2022-05-30 13:53:37'),
(27, 7, 'Doloribus eos exercitationem animi quaerat atque maxime.', '2022-05-30 13:53:37', '2022-05-30 13:53:37'),
(28, 10, 'Unde atque quia dolorem architecto velit aut et.', '2022-05-30 13:53:37', '2022-05-30 13:53:37'),
(29, 10, 'Amet amet inventore fuga dicta.', '2022-05-30 13:53:37', '2022-05-30 13:53:37'),
(30, 4, 'Velit quaerat esse dolorem delectus.', '2022-05-30 13:53:37', '2022-05-30 13:53:37'),
(31, 8, 'Ipsum in eaque veniam explicabo ab commodi.', '2022-05-30 13:54:25', '2022-05-30 13:54:25'),
(32, 20, 'Totam autem cum illo aut vitae magni.', '2022-05-30 13:54:25', '2022-05-30 13:54:25'),
(33, 7, 'In et ipsum illum corrupti.', '2022-05-30 13:54:26', '2022-05-30 13:54:26'),
(34, 2, 'Incidunt iusto quidem et.', '2022-05-30 13:54:26', '2022-05-30 13:54:26'),
(35, 18, 'Quia voluptatem molestias officiis rem.', '2022-05-30 13:54:26', '2022-05-30 13:54:26'),
(36, 28, 'Inventore sit ut voluptas laboriosam.', '2022-05-30 13:54:26', '2022-05-30 13:54:26'),
(37, 21, 'Labore asperiores iure rem fugit impedit ea iusto qui.', '2022-05-30 13:54:26', '2022-05-30 13:54:26'),
(38, 13, 'Repellendus pariatur impedit modi.', '2022-05-30 13:54:26', '2022-05-30 13:54:26'),
(39, 23, 'Dolorum ratione omnis repudiandae cum fuga doloribus optio.', '2022-05-30 13:54:26', '2022-05-30 13:54:26'),
(40, 16, 'Eius dolor qui velit a.', '2022-05-30 13:54:26', '2022-05-30 13:54:26'),
(41, 7, 'Autem enim id molestiae veniam enim libero optio non.', '2022-05-30 13:54:26', '2022-05-30 13:54:26'),
(42, 10, 'Cupiditate quis laboriosam nemo consequuntur id et.', '2022-05-30 13:54:26', '2022-05-30 13:54:26'),
(43, 30, 'Qui et enim in rerum eos.', '2022-05-30 13:54:26', '2022-05-30 13:54:26'),
(44, 10, 'Omnis laborum eos optio.', '2022-05-30 13:54:26', '2022-05-30 13:54:26'),
(45, 14, 'Dolorum odio perspiciatis mollitia quibusdam earum deserunt sed.', '2022-05-30 13:54:26', '2022-05-30 13:54:26'),
(46, 16, 'Et rerum nostrum ipsa et sint.', '2022-05-30 13:54:26', '2022-05-30 13:54:26'),
(47, 18, 'Quasi culpa perspiciatis est dolorem illum aperiam consequatur.', '2022-05-30 13:54:26', '2022-05-30 13:54:26'),
(48, 26, 'Esse illo in enim earum.', '2022-05-30 13:54:26', '2022-05-30 13:54:26'),
(49, 27, 'Ab ut voluptas voluptas deserunt vero.', '2022-05-30 13:54:26', '2022-05-30 13:54:26'),
(50, 21, 'Excepturi qui unde dolorem atque et minima non distinctio.', '2022-05-30 13:54:26', '2022-05-30 13:54:26'),
(51, 9, 'Dignissimos voluptas ut odit beatae quis.', '2022-05-30 13:54:26', '2022-05-30 13:54:26'),
(52, 16, 'Ratione eaque enim necessitatibus provident iusto similique officiis.', '2022-05-30 13:54:26', '2022-05-30 13:54:26'),
(53, 28, 'Quidem inventore deleniti distinctio fugit numquam.', '2022-05-30 13:54:26', '2022-05-30 13:54:26'),
(54, 11, 'Incidunt quidem totam aut blanditiis omnis quo.', '2022-05-30 13:54:26', '2022-05-30 13:54:26'),
(55, 5, 'Placeat dignissimos dolor qui harum nulla suscipit.', '2022-05-30 13:54:26', '2022-05-30 13:54:26'),
(56, 14, 'Consequatur ipsa quidem illo ut quam harum porro.', '2022-05-30 13:54:27', '2022-05-30 13:54:27'),
(57, 15, 'Doloremque quo voluptatem et.', '2022-05-30 13:54:27', '2022-05-30 13:54:27'),
(58, 18, 'Voluptatibus quos sunt autem.', '2022-05-30 13:54:27', '2022-05-30 13:54:27'),
(59, 28, 'Praesentium at in sed.', '2022-05-30 13:54:27', '2022-05-30 13:54:27'),
(60, 29, 'Corporis quo assumenda exercitationem ab perspiciatis mollitia incidunt.', '2022-05-30 13:54:27', '2022-05-30 13:54:27'),
(61, 34, 'Expedita quo similique eius velit voluptates.', '2022-05-30 14:06:40', '2022-05-30 14:06:40'),
(62, 39, 'Autem laboriosam totam ut officiis sit facilis exercitationem.', '2022-05-30 14:06:40', '2022-05-30 14:06:40'),
(63, 9, 'Amet laboriosam ut laborum accusamus.', '2022-05-30 14:06:40', '2022-05-30 14:06:40'),
(64, 43, 'Labore optio sunt et dolorem.', '2022-05-30 14:06:40', '2022-05-30 14:06:40'),
(65, 15, 'Voluptatem quia et rerum magnam et amet.', '2022-05-30 14:06:41', '2022-05-30 14:06:41'),
(66, 15, 'Esse id maxime eveniet magni velit omnis eos.', '2022-05-30 14:06:41', '2022-05-30 14:06:41'),
(67, 34, 'Id nisi perspiciatis commodi suscipit.', '2022-05-30 14:06:41', '2022-05-30 14:06:41'),
(68, 40, 'In magnam sit quis omnis.', '2022-05-30 14:06:41', '2022-05-30 14:06:41'),
(69, 28, 'Occaecati eaque sed libero et ipsa repellendus.', '2022-05-30 14:06:41', '2022-05-30 14:06:41'),
(70, 23, 'Et qui id molestias recusandae temporibus eligendi.', '2022-05-30 14:06:41', '2022-05-30 14:06:41'),
(71, 39, 'Sed error eligendi atque et nihil omnis iure.', '2022-05-30 14:06:41', '2022-05-30 14:06:41'),
(72, 42, 'Quam occaecati id sit fugit voluptatem.', '2022-05-30 14:06:41', '2022-05-30 14:06:41'),
(73, 4, 'Sint beatae unde eaque debitis qui natus est.', '2022-05-30 14:06:41', '2022-05-30 14:06:41'),
(74, 5, 'Vel et et accusantium corporis.', '2022-05-30 14:06:41', '2022-05-30 14:06:41'),
(75, 43, 'Eligendi natus dolor eaque iste placeat atque consequatur.', '2022-05-30 14:06:41', '2022-05-30 14:06:41'),
(76, 26, 'Culpa maiores incidunt minus qui impedit repellat qui.', '2022-05-30 14:06:41', '2022-05-30 14:06:41'),
(77, 35, 'Veniam laborum cum minus tempora eaque incidunt voluptatem.', '2022-05-30 14:06:41', '2022-05-30 14:06:41'),
(78, 33, 'Recusandae exercitationem sunt aliquid rerum nemo est.', '2022-05-30 14:06:41', '2022-05-30 14:06:41'),
(79, 7, 'Qui velit alias est sequi consequatur eius.', '2022-05-30 14:06:41', '2022-05-30 14:06:41'),
(80, 44, 'Velit ipsam laborum voluptatibus voluptatem at temporibus.', '2022-05-30 14:06:41', '2022-05-30 14:06:41'),
(81, 30, 'Laudantium ipsa amet delectus optio dolore rem saepe.', '2022-05-30 14:06:41', '2022-05-30 14:06:41'),
(82, 43, 'Aspernatur saepe quis autem ut doloremque quae est asperiores.', '2022-05-30 14:06:41', '2022-05-30 14:06:41'),
(83, 20, 'Corrupti nostrum itaque iusto ab architecto earum.', '2022-05-30 14:06:41', '2022-05-30 14:06:41'),
(84, 7, 'Rerum corrupti sed non eaque.', '2022-05-30 14:06:41', '2022-05-30 14:06:41'),
(85, 32, 'Quia modi aliquam cum quos qui.', '2022-05-30 14:06:41', '2022-05-30 14:06:41'),
(86, 23, 'Aspernatur unde voluptas iste delectus animi.', '2022-05-30 14:06:41', '2022-05-30 14:06:41'),
(87, 7, 'Cupiditate suscipit veritatis et fugiat et praesentium.', '2022-05-30 14:06:41', '2022-05-30 14:06:41'),
(88, 34, 'Qui tempora aut et temporibus dolores impedit.', '2022-05-30 14:06:41', '2022-05-30 14:06:41'),
(89, 42, 'Itaque doloremque quia praesentium quos soluta consequatur ducimus.', '2022-05-30 14:06:41', '2022-05-30 14:06:41'),
(90, 28, 'Autem distinctio quo adipisci accusantium eum.', '2022-05-30 14:06:42', '2022-05-30 14:06:42');

-- --------------------------------------------------------

--
-- Table structure for table `task_ones`
--

CREATE TABLE `task_ones` (
  `id` bigint(20) UNSIGNED NOT NULL,
  `user_id` bigint(20) NOT NULL,
  `title` varchar(255) COLLATE utf8mb4_unicode_ci NOT NULL,
  `created_at` timestamp NULL DEFAULT NULL,
  `updated_at` timestamp NULL DEFAULT NULL
) ENGINE=InnoDB DEFAULT CHARSET=utf8mb4 COLLATE=utf8mb4_unicode_ci;

--
-- Dumping data for table `task_ones`
--

INSERT INTO `task_ones` (`id`, `user_id`, `title`, `created_at`, `updated_at`) VALUES
(1, 2, 'Dolorem aut consequatur deserunt dolor quia fugit.', '2022-05-30 13:53:47', '2022-05-30 13:53:47'),
(2, 20, 'Voluptas at tempore et aliquam est non.', '2022-05-30 13:53:47', '2022-05-30 13:53:47'),
(3, 14, 'Error quod sunt asperiores omnis voluptas illo expedita.', '2022-05-30 13:53:47', '2022-05-30 13:53:47'),
(4, 6, 'Modi quibusdam qui nam aut occaecati ex quia.', '2022-05-30 13:53:47', '2022-05-30 13:53:47'),
(5, 18, 'Et et tenetur quis commodi non animi ratione.', '2022-05-30 13:53:47', '2022-05-30 13:53:47'),
(6, 20, 'Beatae sint tenetur quia esse.', '2022-05-30 13:53:47', '2022-05-30 13:53:47'),
(7, 5, 'Vero magni cum sit corrupti facilis.', '2022-05-30 13:53:48', '2022-05-30 13:53:48'),
(8, 4, 'Quis sed quas odio.', '2022-05-30 13:53:48', '2022-05-30 13:53:48'),
(9, 16, 'Quo dolore error veniam tenetur fugiat.', '2022-05-30 13:53:48', '2022-05-30 13:53:48'),
(10, 5, 'Sed consectetur aut et at.', '2022-05-30 13:53:48', '2022-05-30 13:53:48'),
(11, 18, 'Impedit modi quo possimus enim.', '2022-05-30 13:53:48', '2022-05-30 13:53:48'),
(12, 2, 'Ipsum nulla culpa enim aliquam totam.', '2022-05-30 13:53:48', '2022-05-30 13:53:48'),
(13, 12, 'Provident vitae nesciunt soluta sapiente ut.', '2022-05-30 13:53:48', '2022-05-30 13:53:48'),
(14, 20, 'Sit eligendi voluptas accusamus dicta est natus est.', '2022-05-30 13:53:48', '2022-05-30 13:53:48'),
(15, 11, 'Quas illum assumenda vel illo labore maxime.', '2022-05-30 13:53:48', '2022-05-30 13:53:48'),
(16, 2, 'Maxime commodi a nihil itaque qui id.', '2022-05-30 13:53:48', '2022-05-30 13:53:48'),
(17, 11, 'Sed ullam molestiae ut facilis occaecati.', '2022-05-30 13:53:48', '2022-05-30 13:53:48'),
(18, 7, 'Enim eaque corrupti voluptatem eum iure ut sequi.', '2022-05-30 13:53:48', '2022-05-30 13:53:48'),
(19, 18, 'Animi est facere quam repudiandae illum doloribus culpa.', '2022-05-30 13:53:48', '2022-05-30 13:53:48'),
(20, 17, 'Debitis eos tenetur quasi.', '2022-05-30 13:53:48', '2022-05-30 13:53:48'),
(21, 16, 'Tenetur dolores cumque neque vitae qui facere.', '2022-05-30 13:53:48', '2022-05-30 13:53:48'),
(22, 4, 'Nulla rerum nam vero vitae omnis accusantium dolorem.', '2022-05-30 13:53:48', '2022-05-30 13:53:48'),
(23, 19, 'Sint ipsum sunt quibusdam nulla dolores.', '2022-05-30 13:53:48', '2022-05-30 13:53:48'),
(24, 3, 'Exercitationem assumenda ratione ut quo aliquid atque.', '2022-05-30 13:53:49', '2022-05-30 13:53:49'),
(25, 20, 'Dolorem dolores maxime eaque et incidunt voluptate natus excepturi.', '2022-05-30 13:53:49', '2022-05-30 13:53:49'),
(26, 2, 'Suscipit sint excepturi rerum culpa vitae ea ipsam est.', '2022-05-30 13:53:49', '2022-05-30 13:53:49'),
(27, 11, 'Qui eos ut explicabo.', '2022-05-30 13:53:49', '2022-05-30 13:53:49'),
(28, 15, 'Aut esse dolor voluptates voluptatem magni in.', '2022-05-30 13:53:49', '2022-05-30 13:53:49'),
(29, 7, 'Est sapiente quas consequatur quo et earum.', '2022-05-30 13:53:49', '2022-05-30 13:53:49'),
(30, 15, 'Velit nesciunt sunt libero atque iusto laudantium quibusdam.', '2022-05-30 13:53:49', '2022-05-30 13:53:49'),
(31, 13, 'Harum nobis adipisci dolorem beatae.', '2022-05-30 13:54:37', '2022-05-30 13:54:37'),
(32, 28, 'Dolor accusantium non dolor tenetur necessitatibus.', '2022-05-30 13:54:37', '2022-05-30 13:54:37'),
(33, 39, 'Dolores enim quo commodi totam recusandae illum.', '2022-05-30 13:54:37', '2022-05-30 13:54:37'),
(34, 31, 'Non vel velit in voluptatem consequuntur quo.', '2022-05-30 13:54:37', '2022-05-30 13:54:37'),
(35, 26, 'Non praesentium deserunt delectus nobis nesciunt.', '2022-05-30 13:54:37', '2022-05-30 13:54:37'),
(36, 4, 'Nostrum quisquam error nihil et.', '2022-05-30 13:54:37', '2022-05-30 13:54:37'),
(37, 38, 'Qui unde et ratione aut minus eos reprehenderit modi.', '2022-05-30 13:54:37', '2022-05-30 13:54:37'),
(38, 35, 'Architecto sit quasi quia voluptatibus sint nobis non provident.', '2022-05-30 13:54:37', '2022-05-30 13:54:37'),
(39, 20, 'Incidunt veniam accusantium enim.', '2022-05-30 13:54:37', '2022-05-30 13:54:37'),
(40, 32, 'Ipsam nisi rerum architecto dolores quis aut.', '2022-05-30 13:54:37', '2022-05-30 13:54:37'),
(41, 18, 'Omnis aut rem ea nihil aperiam.', '2022-05-30 13:54:38', '2022-05-30 13:54:38'),
(42, 6, 'Omnis placeat ut totam harum.', '2022-05-30 13:54:38', '2022-05-30 13:54:38'),
(43, 3, 'Suscipit harum excepturi est cum.', '2022-05-30 13:54:38', '2022-05-30 13:54:38'),
(44, 31, 'Voluptas mollitia magnam distinctio debitis quo ipsa.', '2022-05-30 13:54:38', '2022-05-30 13:54:38'),
(45, 23, 'Quo ducimus incidunt ab et natus et mollitia voluptas.', '2022-05-30 13:54:38', '2022-05-30 13:54:38'),
(46, 20, 'Suscipit similique ex maiores.', '2022-05-30 13:54:38', '2022-05-30 13:54:38'),
(47, 30, 'Rerum laboriosam incidunt et ut temporibus autem.', '2022-05-30 13:54:38', '2022-05-30 13:54:38'),
(48, 5, 'Qui atque rerum est ut eos voluptatem.', '2022-05-30 13:54:38', '2022-05-30 13:54:38'),
(49, 28, 'Dolores est et voluptatem ut id et.', '2022-05-30 13:54:38', '2022-05-30 13:54:38'),
(50, 34, 'Aspernatur eum nostrum ad at dolore dolorum rerum aut.', '2022-05-30 13:54:38', '2022-05-30 13:54:38'),
(51, 23, 'Hic aliquam nobis voluptas quam reiciendis ut vel minus.', '2022-05-30 13:54:38', '2022-05-30 13:54:38'),
(52, 28, 'Voluptatum dolorum ea necessitatibus molestiae odit cum placeat molestiae.', '2022-05-30 13:54:38', '2022-05-30 13:54:38'),
(53, 22, 'Autem fuga consequuntur id ea et asperiores.', '2022-05-30 13:54:38', '2022-05-30 13:54:38'),
(54, 13, 'Asperiores aut totam sapiente consequuntur.', '2022-05-30 13:54:38', '2022-05-30 13:54:38'),
(55, 31, 'Ullam dolor fuga aperiam perferendis suscipit incidunt.', '2022-05-30 13:54:38', '2022-05-30 13:54:38'),
(56, 13, 'Sapiente consequuntur magni aspernatur.', '2022-05-30 13:54:38', '2022-05-30 13:54:38'),
(57, 1, 'Officia aspernatur porro sit omnis quaerat commodi voluptas voluptas.', '2022-05-30 13:54:38', '2022-05-30 13:54:38'),
(58, 12, 'Praesentium et voluptatem qui labore quis.', '2022-05-30 13:54:38', '2022-05-30 13:54:38'),
(59, 8, 'Eius non qui illum culpa neque rerum dolorem.', '2022-05-30 13:54:38', '2022-05-30 13:54:38'),
(60, 39, 'Voluptatum sunt vel et aut qui mollitia temporibus et.', '2022-05-30 13:54:38', '2022-05-30 13:54:38'),
(61, 35, 'Culpa in laboriosam cum voluptates vel.', '2022-05-30 14:06:53', '2022-05-30 14:06:53'),
(62, 13, 'Et est sint incidunt explicabo rerum sit.', '2022-05-30 14:06:53', '2022-05-30 14:06:53'),
(63, 55, 'Quasi rerum veniam exercitationem eius aut iste assumenda.', '2022-05-30 14:06:53', '2022-05-30 14:06:53'),
(64, 46, 'Qui ratione quia fugiat.', '2022-05-30 14:06:53', '2022-05-30 14:06:53'),
(65, 34, 'Eos excepturi dolor qui.', '2022-05-30 14:06:53', '2022-05-30 14:06:53'),
(66, 4, 'Suscipit dolore et enim fugit deserunt nulla sint et.', '2022-05-30 14:06:53', '2022-05-30 14:06:53'),
(67, 20, 'Et animi ratione iste distinctio ut nulla assumenda.', '2022-05-30 14:06:53', '2022-05-30 14:06:53'),
(68, 13, 'Asperiores nihil ratione eos sunt sit sed ut.', '2022-05-30 14:06:53', '2022-05-30 14:06:53'),
(69, 24, 'Consequatur sequi voluptas quasi est non.', '2022-05-30 14:06:53', '2022-05-30 14:06:53'),
(70, 5, 'Rerum provident minima sequi occaecati neque.', '2022-05-30 14:06:53', '2022-05-30 14:06:53'),
(71, 15, 'Reiciendis autem quos illo.', '2022-05-30 14:06:53', '2022-05-30 14:06:53'),
(72, 17, 'Ducimus et ratione perferendis ipsam aut sed.', '2022-05-30 14:06:53', '2022-05-30 14:06:53'),
(73, 28, 'Accusantium eos et est.', '2022-05-30 14:06:53', '2022-05-30 14:06:53'),
(74, 36, 'Et id doloremque dolor dolores.', '2022-05-30 14:06:53', '2022-05-30 14:06:53'),
(75, 55, 'Ut voluptate ut dicta quis natus sint.', '2022-05-30 14:06:53', '2022-05-30 14:06:53'),
(76, 13, 'Odit enim rerum non esse amet quo.', '2022-05-30 14:06:53', '2022-05-30 14:06:53'),
(77, 12, 'Quas blanditiis in excepturi blanditiis officiis odio rem.', '2022-05-30 14:06:53', '2022-05-30 14:06:53'),
(78, 18, 'Doloribus magnam in blanditiis aut quis quia.', '2022-05-30 14:06:53', '2022-05-30 14:06:53'),
(79, 24, 'Laborum sed eos aut nihil unde.', '2022-05-30 14:06:54', '2022-05-30 14:06:54'),
(80, 3, 'Rerum officia omnis corrupti aspernatur eos.', '2022-05-30 14:06:54', '2022-05-30 14:06:54'),
(81, 7, 'Rerum error quae repellendus enim suscipit.', '2022-05-30 14:06:54', '2022-05-30 14:06:54'),
(82, 3, 'Hic quis quia porro eius architecto.', '2022-05-30 14:06:54', '2022-05-30 14:06:54'),
(83, 18, 'Natus nam aut voluptatibus ut.', '2022-05-30 14:06:54', '2022-05-30 14:06:54'),
(84, 16, 'Odio aut voluptatibus est expedita sit totam.', '2022-05-30 14:06:54', '2022-05-30 14:06:54'),
(85, 43, 'Reiciendis a est quia.', '2022-05-30 14:06:54', '2022-05-30 14:06:54'),
(86, 43, 'Consequatur ut et voluptate iure error voluptas cumque.', '2022-05-30 14:06:54', '2022-05-30 14:06:54'),
(87, 58, 'Quia in reiciendis itaque velit omnis est.', '2022-05-30 14:06:54', '2022-05-30 14:06:54'),
(88, 20, 'Cumque aut ut veniam qui eos facere.', '2022-05-30 14:06:54', '2022-05-30 14:06:54'),
(89, 44, 'Aut illum laboriosam facere ea velit modi.', '2022-05-30 14:06:54', '2022-05-30 14:06:54'),
(90, 7, 'Id qui ea aut reiciendis sed sed sint.', '2022-05-30 14:06:54', '2022-05-30 14:06:54');

-- --------------------------------------------------------

--
-- Table structure for table `users`
--

CREATE TABLE `users` (
  `id` bigint(20) UNSIGNED NOT NULL,
  `project_id` bigint(20) NOT NULL,
  `name` varchar(255) COLLATE utf8mb4_unicode_ci DEFAULT NULL,
  `email` varchar(255) COLLATE utf8mb4_unicode_ci NOT NULL,
  `email_verified_at` timestamp NULL DEFAULT NULL,
  `password` varchar(255) COLLATE utf8mb4_unicode_ci NOT NULL,
  `remember_token` varchar(100) COLLATE utf8mb4_unicode_ci DEFAULT NULL,
  `created_at` timestamp NULL DEFAULT NULL,
  `updated_at` timestamp NULL DEFAULT NULL
) ENGINE=InnoDB DEFAULT CHARSET=utf8mb4 COLLATE=utf8mb4_unicode_ci;

--
-- Dumping data for table `users`
--

INSERT INTO `users` (`id`, `project_id`, `name`, `email`, `email_verified_at`, `password`, `remember_token`, `created_at`, `updated_at`) VALUES
(1, 3, 'Dr. Stanford Rempel', 'winifred.armstrong@example.org', '2022-05-30 13:53:36', '$2y$10$92IXUNpkjO0rOQ5byMi.Ye4oKoEa3Ro9llC/.og/at2.uheWG/igi', 'bKJZTej6Gh', '2022-05-30 13:53:36', '2022-05-30 13:53:36'),
(2, 4, 'Vesta Frami', 'gmurazik@example.com', '2022-05-30 13:53:36', '$2y$10$92IXUNpkjO0rOQ5byMi.Ye4oKoEa3Ro9llC/.og/at2.uheWG/igi', '0BUcS93HLt', '2022-05-30 13:53:36', '2022-05-30 13:53:36'),
(3, 3, 'Emmy Bartell', 'krempel@example.net', '2022-05-30 13:53:36', '$2y$10$92IXUNpkjO0rOQ5byMi.Ye4oKoEa3Ro9llC/.og/at2.uheWG/igi', 'QbJIGmjbK3', '2022-05-30 13:53:36', '2022-05-30 13:53:36'),
(4, 1, 'Giuseppe Schoen', 'toby53@example.org', '2022-05-30 13:53:36', '$2y$10$92IXUNpkjO0rOQ5byMi.Ye4oKoEa3Ro9llC/.og/at2.uheWG/igi', 'RKEBX9ckVV', '2022-05-30 13:53:36', '2022-05-30 13:53:36'),
(5, 2, 'Maud Krajcik', 'ebony90@example.org', '2022-05-30 13:53:36', '$2y$10$92IXUNpkjO0rOQ5byMi.Ye4oKoEa3Ro9llC/.og/at2.uheWG/igi', 'mfCbMzvqs7', '2022-05-30 13:53:36', '2022-05-30 13:53:36'),
(6, 2, 'Casimir McLaughlin', 'aufderhar.sarah@example.org', '2022-05-30 13:53:36', '$2y$10$92IXUNpkjO0rOQ5byMi.Ye4oKoEa3Ro9llC/.og/at2.uheWG/igi', 'eD96X0aOCn', '2022-05-30 13:53:36', '2022-05-30 13:53:36'),
(7, 3, 'Jerald Kovacek', 'elody.shanahan@example.net', '2022-05-30 13:53:36', '$2y$10$92IXUNpkjO0rOQ5byMi.Ye4oKoEa3Ro9llC/.og/at2.uheWG/igi', 'q8vgNjtMkm', '2022-05-30 13:53:36', '2022-05-30 13:53:36'),
(8, 3, 'Prof. Jasen Mohr PhD', 'graham.volkman@example.net', '2022-05-30 13:53:36', '$2y$10$92IXUNpkjO0rOQ5byMi.Ye4oKoEa3Ro9llC/.og/at2.uheWG/igi', 'I8fowHATqY', '2022-05-30 13:53:36', '2022-05-30 13:53:36'),
(9, 1, 'Magnus Davis', 'wwuckert@example.net', '2022-05-30 13:53:36', '$2y$10$92IXUNpkjO0rOQ5byMi.Ye4oKoEa3Ro9llC/.og/at2.uheWG/igi', '7z48Zskkyi', '2022-05-30 13:53:36', '2022-05-30 13:53:36'),
(10, 3, 'Prof. Jedediah Bartell V', 'cordie.doyle@example.org', '2022-05-30 13:53:36', '$2y$10$92IXUNpkjO0rOQ5byMi.Ye4oKoEa3Ro9llC/.og/at2.uheWG/igi', 'fhLdI4K3yZ', '2022-05-30 13:53:36', '2022-05-30 13:53:36'),
(11, 3, 'Prof. Eulah Tillman Jr.', 'veum.christa@example.org', '2022-05-30 13:53:36', '$2y$10$92IXUNpkjO0rOQ5byMi.Ye4oKoEa3Ro9llC/.og/at2.uheWG/igi', 'O7lOGJaJsU', '2022-05-30 13:53:36', '2022-05-30 13:53:36'),
(12, 4, 'Zetta Quitzon', 'forest.bailey@example.com', '2022-05-30 13:53:36', '$2y$10$92IXUNpkjO0rOQ5byMi.Ye4oKoEa3Ro9llC/.og/at2.uheWG/igi', 'vyZh3Ei2gI', '2022-05-30 13:53:36', '2022-05-30 13:53:36'),
(13, 2, 'Genevieve Kuhic', 'ekerluke@example.com', '2022-05-30 13:53:36', '$2y$10$92IXUNpkjO0rOQ5byMi.Ye4oKoEa3Ro9llC/.og/at2.uheWG/igi', '2Mr3ayB33p', '2022-05-30 13:53:36', '2022-05-30 13:53:36'),
(14, 1, 'Alivia Vandervort Jr.', 'sibyl19@example.net', '2022-05-30 13:53:36', '$2y$10$92IXUNpkjO0rOQ5byMi.Ye4oKoEa3Ro9llC/.og/at2.uheWG/igi', 'uDjLmwkbfh', '2022-05-30 13:53:36', '2022-05-30 13:53:36'),
(15, 2, 'Jameson Spencer', 'aurelie.skiles@example.com', '2022-05-30 13:53:36', '$2y$10$92IXUNpkjO0rOQ5byMi.Ye4oKoEa3Ro9llC/.og/at2.uheWG/igi', 'Ntpy3XpMAk', '2022-05-30 13:53:36', '2022-05-30 13:53:36'),
(16, 5, 'Dulce Reichert', 'gerda59@example.net', '2022-05-30 13:54:25', '$2y$10$92IXUNpkjO0rOQ5byMi.Ye4oKoEa3Ro9llC/.og/at2.uheWG/igi', 'ButtgeBwYg', '2022-05-30 13:54:25', '2022-05-30 13:54:25'),
(17, 6, 'Armand Waelchi', 'lrempel@example.org', '2022-05-30 13:54:25', '$2y$10$92IXUNpkjO0rOQ5byMi.Ye4oKoEa3Ro9llC/.og/at2.uheWG/igi', 'gUUpRcfx7v', '2022-05-30 13:54:25', '2022-05-30 13:54:25'),
(18, 3, 'Dr. Natasha Weber III', 'turcotte.domenica@example.com', '2022-05-30 13:54:25', '$2y$10$92IXUNpkjO0rOQ5byMi.Ye4oKoEa3Ro9llC/.og/at2.uheWG/igi', '2Yv2ohL84o', '2022-05-30 13:54:25', '2022-05-30 13:54:25'),
(19, 3, 'Karolann Hoeger', 'rskiles@example.com', '2022-05-30 13:54:25', '$2y$10$92IXUNpkjO0rOQ5byMi.Ye4oKoEa3Ro9llC/.og/at2.uheWG/igi', 'FNd8KyqG6z', '2022-05-30 13:54:25', '2022-05-30 13:54:25'),
(20, 2, 'Dr. Orin Dicki IV', 'rippin.amya@example.net', '2022-05-30 13:54:25', '$2y$10$92IXUNpkjO0rOQ5byMi.Ye4oKoEa3Ro9llC/.og/at2.uheWG/igi', 'e6PKmy8MfD', '2022-05-30 13:54:25', '2022-05-30 13:54:25'),
(21, 4, 'Dr. Pink Nienow', 'qdach@example.org', '2022-05-30 13:54:25', '$2y$10$92IXUNpkjO0rOQ5byMi.Ye4oKoEa3Ro9llC/.og/at2.uheWG/igi', 'uCvekM9kxp', '2022-05-30 13:54:25', '2022-05-30 13:54:25'),
(22, 10, 'Prof. Erling Upton', 'alek.kirlin@example.net', '2022-05-30 13:54:25', '$2y$10$92IXUNpkjO0rOQ5byMi.Ye4oKoEa3Ro9llC/.og/at2.uheWG/igi', 'XR6FD3iieP', '2022-05-30 13:54:25', '2022-05-30 13:54:25'),
(23, 4, 'Laurianne Gleichner', 'sabrina39@example.com', '2022-05-30 13:54:25', '$2y$10$92IXUNpkjO0rOQ5byMi.Ye4oKoEa3Ro9llC/.og/at2.uheWG/igi', 'B8g5XSwKuu', '2022-05-30 13:54:25', '2022-05-30 13:54:25'),
(24, 1, 'Issac Pouros', 'angelita05@example.org', '2022-05-30 13:54:25', '$2y$10$92IXUNpkjO0rOQ5byMi.Ye4oKoEa3Ro9llC/.og/at2.uheWG/igi', 'XyAizkaH8Y', '2022-05-30 13:54:25', '2022-05-30 13:54:25'),
(25, 9, 'Prof. Jennie Jones', 'llewellyn03@example.org', '2022-05-30 13:54:25', '$2y$10$92IXUNpkjO0rOQ5byMi.Ye4oKoEa3Ro9llC/.og/at2.uheWG/igi', 'YhrJUnvPUx', '2022-05-30 13:54:25', '2022-05-30 13:54:25'),
(26, 8, 'Elna Kutch', 'waelchi.dina@example.org', '2022-05-30 13:54:25', '$2y$10$92IXUNpkjO0rOQ5byMi.Ye4oKoEa3Ro9llC/.og/at2.uheWG/igi', 'qiuCEmVWVD', '2022-05-30 13:54:25', '2022-05-30 13:54:25'),
(27, 8, 'Alexandrine Lakin', 'jtreutel@example.org', '2022-05-30 13:54:25', '$2y$10$92IXUNpkjO0rOQ5byMi.Ye4oKoEa3Ro9llC/.og/at2.uheWG/igi', 'TuEd0Fh6Og', '2022-05-30 13:54:25', '2022-05-30 13:54:25'),
(28, 9, 'Prof. Ruben DuBuque', 'santino.ward@example.net', '2022-05-30 13:54:25', '$2y$10$92IXUNpkjO0rOQ5byMi.Ye4oKoEa3Ro9llC/.og/at2.uheWG/igi', 'pKSxiGjhx7', '2022-05-30 13:54:25', '2022-05-30 13:54:25'),
(29, 10, 'Madaline Feil', 'yveum@example.com', '2022-05-30 13:54:25', '$2y$10$92IXUNpkjO0rOQ5byMi.Ye4oKoEa3Ro9llC/.og/at2.uheWG/igi', 'E6QNb3Y5cm', '2022-05-30 13:54:25', '2022-05-30 13:54:25'),
(30, 10, 'Rosie Herman V', 'hstehr@example.com', '2022-05-30 13:54:25', '$2y$10$92IXUNpkjO0rOQ5byMi.Ye4oKoEa3Ro9llC/.og/at2.uheWG/igi', 'h84VAu5B9r', '2022-05-30 13:54:25', '2022-05-30 13:54:25'),
(31, 2, 'Pauline Farrell', 'fritsch.janiya@example.net', '2022-05-30 14:06:40', '$2y$10$92IXUNpkjO0rOQ5byMi.Ye4oKoEa3Ro9llC/.og/at2.uheWG/igi', 'T2XFiy3o2L', '2022-05-30 14:06:40', '2022-05-30 14:06:40'),
(32, 8, 'Yasmin Anderson', 'odubuque@example.org', '2022-05-30 14:06:40', '$2y$10$92IXUNpkjO0rOQ5byMi.Ye4oKoEa3Ro9llC/.og/at2.uheWG/igi', 'dYthE4KU3z', '2022-05-30 14:06:40', '2022-05-30 14:06:40'),
(33, 4, 'Jamar Jaskolski', 'libby27@example.net', '2022-05-30 14:06:40', '$2y$10$92IXUNpkjO0rOQ5byMi.Ye4oKoEa3Ro9llC/.og/at2.uheWG/igi', 'DhC61XDU22', '2022-05-30 14:06:40', '2022-05-30 14:06:40'),
(34, 10, 'Rusty Orn', 'eula91@example.com', '2022-05-30 14:06:40', '$2y$10$92IXUNpkjO0rOQ5byMi.Ye4oKoEa3Ro9llC/.og/at2.uheWG/igi', 'LuuuwWW7cW', '2022-05-30 14:06:40', '2022-05-30 14:06:40'),
(35, 15, 'Gavin Crona', 'nbalistreri@example.net', '2022-05-30 14:06:40', '$2y$10$92IXUNpkjO0rOQ5byMi.Ye4oKoEa3Ro9llC/.og/at2.uheWG/igi', 'zX9jpNsHM8', '2022-05-30 14:06:40', '2022-05-30 14:06:40'),
(36, 14, 'Jody Romaguera', 'botsford.jaren@example.com', '2022-05-30 14:06:40', '$2y$10$92IXUNpkjO0rOQ5byMi.Ye4oKoEa3Ro9llC/.og/at2.uheWG/igi', 'FC5r5QYQ7Z', '2022-05-30 14:06:40', '2022-05-30 14:06:40'),
(37, 7, 'Dedrick Lubowitz', 'kohler.roxanne@example.com', '2022-05-30 14:06:40', '$2y$10$92IXUNpkjO0rOQ5byMi.Ye4oKoEa3Ro9llC/.og/at2.uheWG/igi', 'TnSQFprS3P', '2022-05-30 14:06:40', '2022-05-30 14:06:40'),
(38, 2, 'Orval Boehm V', 'elaina.armstrong@example.net', '2022-05-30 14:06:40', '$2y$10$92IXUNpkjO0rOQ5byMi.Ye4oKoEa3Ro9llC/.og/at2.uheWG/igi', 'kqC1OMKYjx', '2022-05-30 14:06:40', '2022-05-30 14:06:40'),
(39, 6, 'Mr. Rafael Leuschke', 'colby.predovic@example.net', '2022-05-30 14:06:40', '$2y$10$92IXUNpkjO0rOQ5byMi.Ye4oKoEa3Ro9llC/.og/at2.uheWG/igi', '2dU4rdJCiT', '2022-05-30 14:06:40', '2022-05-30 14:06:40'),
(40, 2, 'Desiree Turner DVM', 'brakus.giuseppe@example.com', '2022-05-30 14:06:40', '$2y$10$92IXUNpkjO0rOQ5byMi.Ye4oKoEa3Ro9llC/.og/at2.uheWG/igi', 'VLWdNT7Uey', '2022-05-30 14:06:40', '2022-05-30 14:06:40'),
(41, 15, 'Wilson Lebsack', 'macey.osinski@example.net', '2022-05-30 14:06:40', '$2y$10$92IXUNpkjO0rOQ5byMi.Ye4oKoEa3Ro9llC/.og/at2.uheWG/igi', 'Y4ypHcpF0t', '2022-05-30 14:06:40', '2022-05-30 14:06:40'),
(42, 12, 'Stephon Conroy', 'alex64@example.net', '2022-05-30 14:06:40', '$2y$10$92IXUNpkjO0rOQ5byMi.Ye4oKoEa3Ro9llC/.og/at2.uheWG/igi', 'SwBwU8qO7T', '2022-05-30 14:06:40', '2022-05-30 14:06:40'),
(43, 4, 'Miss Elenora Powlowski', 'santina18@example.org', '2022-05-30 14:06:40', '$2y$10$92IXUNpkjO0rOQ5byMi.Ye4oKoEa3Ro9llC/.og/at2.uheWG/igi', 'KW4TqREqJM', '2022-05-30 14:06:40', '2022-05-30 14:06:40'),
(44, 10, 'Orpha Treutel I', 'nbreitenberg@example.net', '2022-05-30 14:06:40', '$2y$10$92IXUNpkjO0rOQ5byMi.Ye4oKoEa3Ro9llC/.og/at2.uheWG/igi', 'TaKNEKSRSH', '2022-05-30 14:06:40', '2022-05-30 14:06:40'),
(45, 11, 'Ervin Romaguera', 'verda87@example.net', '2022-05-30 14:06:40', '$2y$10$92IXUNpkjO0rOQ5byMi.Ye4oKoEa3Ro9llC/.og/at2.uheWG/igi', 'tiyoYj0n7j', '2022-05-30 14:06:40', '2022-05-30 14:06:40');

-- --------------------------------------------------------

--
-- Table structure for table `user_ones`
--

CREATE TABLE `user_ones` (
  `id` bigint(20) UNSIGNED NOT NULL,
  `name` varchar(255) COLLATE utf8mb4_unicode_ci DEFAULT NULL,
  `email` varchar(255) COLLATE utf8mb4_unicode_ci NOT NULL,
  `password` varchar(255) COLLATE utf8mb4_unicode_ci NOT NULL,
  `created_at` timestamp NULL DEFAULT NULL,
  `updated_at` timestamp NULL DEFAULT NULL
) ENGINE=InnoDB DEFAULT CHARSET=utf8mb4 COLLATE=utf8mb4_unicode_ci;

--
-- Dumping data for table `user_ones`
--

INSERT INTO `user_ones` (`id`, `name`, `email`, `password`, `created_at`, `updated_at`) VALUES
(1, 'Marcia Mante', 'pansy.quigley@example.org', '$2y$10$92IXUNpkjO0rOQ5byMi.Ye4oKoEa3Ro9llC/.og/at2.uheWG/igi', '2022-05-30 13:53:45', '2022-05-30 13:53:45'),
(2, 'Jeanie Haley', 'allene99@example.com', '$2y$10$92IXUNpkjO0rOQ5byMi.Ye4oKoEa3Ro9llC/.og/at2.uheWG/igi', '2022-05-30 13:53:45', '2022-05-30 13:53:45'),
(3, 'Princess McGlynn I', 'lola.wilderman@example.com', '$2y$10$92IXUNpkjO0rOQ5byMi.Ye4oKoEa3Ro9llC/.og/at2.uheWG/igi', '2022-05-30 13:53:45', '2022-05-30 13:53:45'),
(4, 'Steve Wehner', 'agreenfelder@example.com', '$2y$10$92IXUNpkjO0rOQ5byMi.Ye4oKoEa3Ro9llC/.og/at2.uheWG/igi', '2022-05-30 13:53:45', '2022-05-30 13:53:45'),
(5, 'Alena Ferry', 'kiehn.deshawn@example.net', '$2y$10$92IXUNpkjO0rOQ5byMi.Ye4oKoEa3Ro9llC/.og/at2.uheWG/igi', '2022-05-30 13:53:45', '2022-05-30 13:53:45'),
(6, 'Wava Fisher DDS', 'juston.lemke@example.org', '$2y$10$92IXUNpkjO0rOQ5byMi.Ye4oKoEa3Ro9llC/.og/at2.uheWG/igi', '2022-05-30 13:53:45', '2022-05-30 13:53:45'),
(7, 'Dr. Spencer Bosco V', 'ygraham@example.com', '$2y$10$92IXUNpkjO0rOQ5byMi.Ye4oKoEa3Ro9llC/.og/at2.uheWG/igi', '2022-05-30 13:53:46', '2022-05-30 13:53:46'),
(8, 'Emmie Kirlin', 'caesar.corkery@example.com', '$2y$10$92IXUNpkjO0rOQ5byMi.Ye4oKoEa3Ro9llC/.og/at2.uheWG/igi', '2022-05-30 13:53:46', '2022-05-30 13:53:46'),
(9, 'Roosevelt Graham', 'marlene06@example.org', '$2y$10$92IXUNpkjO0rOQ5byMi.Ye4oKoEa3Ro9llC/.og/at2.uheWG/igi', '2022-05-30 13:53:46', '2022-05-30 13:53:46'),
(10, 'Mrs. Elenor Halvorson', 'huels.madelynn@example.org', '$2y$10$92IXUNpkjO0rOQ5byMi.Ye4oKoEa3Ro9llC/.og/at2.uheWG/igi', '2022-05-30 13:53:46', '2022-05-30 13:53:46'),
(11, 'Dr. Amber Yost', 'enitzsche@example.org', '$2y$10$92IXUNpkjO0rOQ5byMi.Ye4oKoEa3Ro9llC/.og/at2.uheWG/igi', '2022-05-30 13:53:46', '2022-05-30 13:53:46'),
(12, 'Shaniya Toy IV', 'dave49@example.net', '$2y$10$92IXUNpkjO0rOQ5byMi.Ye4oKoEa3Ro9llC/.og/at2.uheWG/igi', '2022-05-30 13:53:46', '2022-05-30 13:53:46'),
(13, 'Antonia Jacobi', 'feest.luigi@example.com', '$2y$10$92IXUNpkjO0rOQ5byMi.Ye4oKoEa3Ro9llC/.og/at2.uheWG/igi', '2022-05-30 13:53:46', '2022-05-30 13:53:46'),
(14, 'Dr. Julian Botsford', 'botsford.larue@example.net', '$2y$10$92IXUNpkjO0rOQ5byMi.Ye4oKoEa3Ro9llC/.og/at2.uheWG/igi', '2022-05-30 13:53:46', '2022-05-30 13:53:46'),
(15, 'Mr. Omer Beahan', 'davis.deontae@example.net', '$2y$10$92IXUNpkjO0rOQ5byMi.Ye4oKoEa3Ro9llC/.og/at2.uheWG/igi', '2022-05-30 13:53:46', '2022-05-30 13:53:46'),
(16, 'Maeve Jakubowski', 'zulauf.vanessa@example.com', '$2y$10$92IXUNpkjO0rOQ5byMi.Ye4oKoEa3Ro9llC/.og/at2.uheWG/igi', '2022-05-30 13:53:46', '2022-05-30 13:53:46'),
(17, 'Prof. Irving Beier', 'gunnar98@example.org', '$2y$10$92IXUNpkjO0rOQ5byMi.Ye4oKoEa3Ro9llC/.og/at2.uheWG/igi', '2022-05-30 13:53:46', '2022-05-30 13:53:46'),
(18, 'Baby Connelly PhD', 'ehowe@example.net', '$2y$10$92IXUNpkjO0rOQ5byMi.Ye4oKoEa3Ro9llC/.og/at2.uheWG/igi', '2022-05-30 13:53:46', '2022-05-30 13:53:46'),
(19, 'Eryn Quigley', 'mcglynn.onie@example.org', '$2y$10$92IXUNpkjO0rOQ5byMi.Ye4oKoEa3Ro9llC/.og/at2.uheWG/igi', '2022-05-30 13:53:46', '2022-05-30 13:53:46'),
(20, 'Rylan Hane', 'nola.gleichner@example.net', '$2y$10$92IXUNpkjO0rOQ5byMi.Ye4oKoEa3Ro9llC/.og/at2.uheWG/igi', '2022-05-30 13:53:46', '2022-05-30 13:53:46'),
(21, 'Koby Bayer', 'witting.karianne@example.org', '$2y$10$92IXUNpkjO0rOQ5byMi.Ye4oKoEa3Ro9llC/.og/at2.uheWG/igi', '2022-05-30 13:54:35', '2022-05-30 13:54:35'),
(22, 'Alycia Anderson', 'tferry@example.com', '$2y$10$92IXUNpkjO0rOQ5byMi.Ye4oKoEa3Ro9llC/.og/at2.uheWG/igi', '2022-05-30 13:54:35', '2022-05-30 13:54:35'),
(23, 'Nicole Witting', 'laury.anderson@example.org', '$2y$10$92IXUNpkjO0rOQ5byMi.Ye4oKoEa3Ro9llC/.og/at2.uheWG/igi', '2022-05-30 13:54:35', '2022-05-30 13:54:35'),
(24, 'Eladio Toy', 'leannon.toby@example.org', '$2y$10$92IXUNpkjO0rOQ5byMi.Ye4oKoEa3Ro9llC/.og/at2.uheWG/igi', '2022-05-30 13:54:35', '2022-05-30 13:54:35'),
(25, 'Mrs. Helga Gusikowski', 'nat14@example.org', '$2y$10$92IXUNpkjO0rOQ5byMi.Ye4oKoEa3Ro9llC/.og/at2.uheWG/igi', '2022-05-30 13:54:35', '2022-05-30 13:54:35'),
(26, 'Ari Stroman IV', 'lmayer@example.net', '$2y$10$92IXUNpkjO0rOQ5byMi.Ye4oKoEa3Ro9llC/.og/at2.uheWG/igi', '2022-05-30 13:54:36', '2022-05-30 13:54:36'),
(27, 'Bobbie Berge', 'alison00@example.org', '$2y$10$92IXUNpkjO0rOQ5byMi.Ye4oKoEa3Ro9llC/.og/at2.uheWG/igi', '2022-05-30 13:54:36', '2022-05-30 13:54:36'),
(28, 'Mya Yost', 'betsy.schumm@example.com', '$2y$10$92IXUNpkjO0rOQ5byMi.Ye4oKoEa3Ro9llC/.og/at2.uheWG/igi', '2022-05-30 13:54:36', '2022-05-30 13:54:36'),
(29, 'Miss Lydia Hodkiewicz III', 'nannie35@example.org', '$2y$10$92IXUNpkjO0rOQ5byMi.Ye4oKoEa3Ro9llC/.og/at2.uheWG/igi', '2022-05-30 13:54:36', '2022-05-30 13:54:36'),
(30, 'Kaden Schowalter Sr.', 'preston.goldner@example.org', '$2y$10$92IXUNpkjO0rOQ5byMi.Ye4oKoEa3Ro9llC/.og/at2.uheWG/igi', '2022-05-30 13:54:36', '2022-05-30 13:54:36'),
(31, 'Nelda Batz', 'erdman.margaretta@example.com', '$2y$10$92IXUNpkjO0rOQ5byMi.Ye4oKoEa3Ro9llC/.og/at2.uheWG/igi', '2022-05-30 13:54:36', '2022-05-30 13:54:36'),
(32, 'Mitchel Leuschke', 'nasir.labadie@example.org', '$2y$10$92IXUNpkjO0rOQ5byMi.Ye4oKoEa3Ro9llC/.og/at2.uheWG/igi', '2022-05-30 13:54:36', '2022-05-30 13:54:36'),
(33, 'Willow Leannon Jr.', 'trevion93@example.com', '$2y$10$92IXUNpkjO0rOQ5byMi.Ye4oKoEa3Ro9llC/.og/at2.uheWG/igi', '2022-05-30 13:54:36', '2022-05-30 13:54:36'),
(34, 'Xavier Bartoletti', 'corkery.jaqueline@example.net', '$2y$10$92IXUNpkjO0rOQ5byMi.Ye4oKoEa3Ro9llC/.og/at2.uheWG/igi', '2022-05-30 13:54:36', '2022-05-30 13:54:36'),
(35, 'Juvenal King', 'devan36@example.org', '$2y$10$92IXUNpkjO0rOQ5byMi.Ye4oKoEa3Ro9llC/.og/at2.uheWG/igi', '2022-05-30 13:54:36', '2022-05-30 13:54:36'),
(36, 'Prof. Rowland Ullrich', 'leonora.cartwright@example.org', '$2y$10$92IXUNpkjO0rOQ5byMi.Ye4oKoEa3Ro9llC/.og/at2.uheWG/igi', '2022-05-30 13:54:36', '2022-05-30 13:54:36'),
(37, 'Bessie Bergstrom IV', 'hailee.schaden@example.net', '$2y$10$92IXUNpkjO0rOQ5byMi.Ye4oKoEa3Ro9llC/.og/at2.uheWG/igi', '2022-05-30 13:54:36', '2022-05-30 13:54:36'),
(38, 'Norris Haag', 'vandervort.russel@example.net', '$2y$10$92IXUNpkjO0rOQ5byMi.Ye4oKoEa3Ro9llC/.og/at2.uheWG/igi', '2022-05-30 13:54:36', '2022-05-30 13:54:36'),
(39, 'Scottie Dickens', 'windler.camren@example.org', '$2y$10$92IXUNpkjO0rOQ5byMi.Ye4oKoEa3Ro9llC/.og/at2.uheWG/igi', '2022-05-30 13:54:36', '2022-05-30 13:54:36'),
(40, 'Rosario Lubowitz Jr.', 'evans.mills@example.net', '$2y$10$92IXUNpkjO0rOQ5byMi.Ye4oKoEa3Ro9llC/.og/at2.uheWG/igi', '2022-05-30 13:54:36', '2022-05-30 13:54:36'),
(41, 'Mr. Edmond Becker DDS', 'skiles.clotilde@example.org', '$2y$10$92IXUNpkjO0rOQ5byMi.Ye4oKoEa3Ro9llC/.og/at2.uheWG/igi', '2022-05-30 14:06:51', '2022-05-30 14:06:51'),
(42, 'Garry Hoeger', 'tprice@example.net', '$2y$10$92IXUNpkjO0rOQ5byMi.Ye4oKoEa3Ro9llC/.og/at2.uheWG/igi', '2022-05-30 14:06:51', '2022-05-30 14:06:51'),
(43, 'Joshuah Hegmann IV', 'sipes.emmet@example.org', '$2y$10$92IXUNpkjO0rOQ5byMi.Ye4oKoEa3Ro9llC/.og/at2.uheWG/igi', '2022-05-30 14:06:51', '2022-05-30 14:06:51'),
(44, 'Mrs. Marion Champlin III', 'xzavier.hamill@example.com', '$2y$10$92IXUNpkjO0rOQ5byMi.Ye4oKoEa3Ro9llC/.og/at2.uheWG/igi', '2022-05-30 14:06:51', '2022-05-30 14:06:51'),
(45, 'Mrs. Serenity Lemke', 'mhauck@example.com', '$2y$10$92IXUNpkjO0rOQ5byMi.Ye4oKoEa3Ro9llC/.og/at2.uheWG/igi', '2022-05-30 14:06:51', '2022-05-30 14:06:51'),
(46, 'Coby Oberbrunner', 'jfarrell@example.com', '$2y$10$92IXUNpkjO0rOQ5byMi.Ye4oKoEa3Ro9llC/.og/at2.uheWG/igi', '2022-05-30 14:06:51', '2022-05-30 14:06:51'),
(47, 'Dr. Ana Schuppe III', 'sabryna21@example.net', '$2y$10$92IXUNpkjO0rOQ5byMi.Ye4oKoEa3Ro9llC/.og/at2.uheWG/igi', '2022-05-30 14:06:51', '2022-05-30 14:06:51'),
(48, 'Anabelle Metz', 'kaci08@example.net', '$2y$10$92IXUNpkjO0rOQ5byMi.Ye4oKoEa3Ro9llC/.og/at2.uheWG/igi', '2022-05-30 14:06:51', '2022-05-30 14:06:51'),
(49, 'Javier Barrows', 'uriel.paucek@example.org', '$2y$10$92IXUNpkjO0rOQ5byMi.Ye4oKoEa3Ro9llC/.og/at2.uheWG/igi', '2022-05-30 14:06:51', '2022-05-30 14:06:51'),
(50, 'Miss Maybell Toy', 'hdouglas@example.net', '$2y$10$92IXUNpkjO0rOQ5byMi.Ye4oKoEa3Ro9llC/.og/at2.uheWG/igi', '2022-05-30 14:06:51', '2022-05-30 14:06:51'),
(51, 'Courtney Sawayn', 'aubree86@example.org', '$2y$10$92IXUNpkjO0rOQ5byMi.Ye4oKoEa3Ro9llC/.og/at2.uheWG/igi', '2022-05-30 14:06:51', '2022-05-30 14:06:51'),
(52, 'Kara Wilderman', 'krystal.klein@example.com', '$2y$10$92IXUNpkjO0rOQ5byMi.Ye4oKoEa3Ro9llC/.og/at2.uheWG/igi', '2022-05-30 14:06:51', '2022-05-30 14:06:51'),
(53, 'Sigrid Block MD', 'vena.fadel@example.com', '$2y$10$92IXUNpkjO0rOQ5byMi.Ye4oKoEa3Ro9llC/.og/at2.uheWG/igi', '2022-05-30 14:06:51', '2022-05-30 14:06:51'),
(54, 'Elias Roberts', 'irunolfsdottir@example.org', '$2y$10$92IXUNpkjO0rOQ5byMi.Ye4oKoEa3Ro9llC/.og/at2.uheWG/igi', '2022-05-30 14:06:51', '2022-05-30 14:06:51'),
(55, 'Miss Patience O\'Conner DVM', 'abbey.schuster@example.org', '$2y$10$92IXUNpkjO0rOQ5byMi.Ye4oKoEa3Ro9llC/.og/at2.uheWG/igi', '2022-05-30 14:06:51', '2022-05-30 14:06:51'),
(56, 'Cordie Huels', 'whirthe@example.com', '$2y$10$92IXUNpkjO0rOQ5byMi.Ye4oKoEa3Ro9llC/.og/at2.uheWG/igi', '2022-05-30 14:06:51', '2022-05-30 14:06:51'),
(57, 'Dr. Hilton Littel PhD', 'frederic.haag@example.net', '$2y$10$92IXUNpkjO0rOQ5byMi.Ye4oKoEa3Ro9llC/.og/at2.uheWG/igi', '2022-05-30 14:06:51', '2022-05-30 14:06:51'),
(58, 'Sonia Upton', 'hgerhold@example.com', '$2y$10$92IXUNpkjO0rOQ5byMi.Ye4oKoEa3Ro9llC/.og/at2.uheWG/igi', '2022-05-30 14:06:51', '2022-05-30 14:06:51'),
(59, 'Immanuel Marks', 'zachariah99@example.com', '$2y$10$92IXUNpkjO0rOQ5byMi.Ye4oKoEa3Ro9llC/.og/at2.uheWG/igi', '2022-05-30 14:06:52', '2022-05-30 14:06:52'),
(60, 'Griffin Franecki', 'xgaylord@example.com', '$2y$10$92IXUNpkjO0rOQ5byMi.Ye4oKoEa3Ro9llC/.og/at2.uheWG/igi', '2022-05-30 14:06:52', '2022-05-30 14:06:52');

-- --------------------------------------------------------

--
-- Table structure for table `videos`
--

CREATE TABLE `videos` (
  `id` bigint(20) UNSIGNED NOT NULL,
  `title` varchar(255) COLLATE utf8mb4_unicode_ci NOT NULL,
  `created_at` timestamp NULL DEFAULT NULL,
  `updated_at` timestamp NULL DEFAULT NULL
) ENGINE=InnoDB DEFAULT CHARSET=utf8mb4 COLLATE=utf8mb4_unicode_ci;

--
-- Dumping data for table `videos`
--

INSERT INTO `videos` (`id`, `title`, `created_at`, `updated_at`) VALUES
(1, 'Velit sunt ut in mollitia qui rerum.', '2022-05-30 13:53:49', '2022-05-30 13:53:49'),
(2, 'Autem optio perspiciatis iusto nisi.', '2022-05-30 13:53:49', '2022-05-30 13:53:49'),
(3, 'Laboriosam aut sit sapiente non voluptas.', '2022-05-30 13:53:49', '2022-05-30 13:53:49'),
(4, 'Adipisci quidem id expedita corrupti ut quam.', '2022-05-30 13:53:50', '2022-05-30 13:53:50'),
(5, 'Quibusdam qui aut dolores dolores laudantium porro deserunt.', '2022-05-30 13:53:50', '2022-05-30 13:53:50'),
(6, 'Non porro velit necessitatibus voluptatem et.', '2022-05-30 13:53:50', '2022-05-30 13:53:50'),
(7, 'Sed qui laborum sed sapiente veritatis neque autem.', '2022-05-30 13:53:50', '2022-05-30 13:53:50'),
(8, 'Non doloribus voluptas exercitationem consequatur.', '2022-05-30 13:53:50', '2022-05-30 13:53:50'),
(9, 'Consequuntur aut illum nobis qui tenetur rerum ut.', '2022-05-30 13:53:50', '2022-05-30 13:53:50'),
(10, 'Quia harum sint ab vel quia nemo.', '2022-05-30 13:53:50', '2022-05-30 13:53:50'),
(11, 'Tenetur aliquid dolor porro amet rerum ut.', '2022-05-30 13:53:50', '2022-05-30 13:53:50'),
(12, 'Sed voluptatibus aliquid sunt et voluptatibus asperiores animi et.', '2022-05-30 13:53:50', '2022-05-30 13:53:50'),
(13, 'Aut reiciendis quam mollitia hic culpa.', '2022-05-30 13:53:50', '2022-05-30 13:53:50'),
(14, 'Eos ea provident vel.', '2022-05-30 13:53:50', '2022-05-30 13:53:50'),
(15, 'Atque numquam beatae temporibus velit et consectetur vel corporis.', '2022-05-30 13:53:50', '2022-05-30 13:53:50'),
(16, 'Illum accusantium facere ratione deserunt quidem.', '2022-05-30 13:53:50', '2022-05-30 13:53:50'),
(17, 'Voluptatem quo et atque consequatur rerum dicta amet.', '2022-05-30 13:53:51', '2022-05-30 13:53:51'),
(18, 'Quasi odio dicta tempora officia est sint.', '2022-05-30 13:53:51', '2022-05-30 13:53:51'),
(19, 'Sed vel labore quasi quaerat ratione.', '2022-05-30 13:53:51', '2022-05-30 13:53:51'),
(20, 'Officiis repellendus impedit eius impedit aut et nesciunt.', '2022-05-30 13:53:51', '2022-05-30 13:53:51'),
(21, 'Dignissimos et itaque labore odit.', '2022-05-30 13:54:38', '2022-05-30 13:54:38'),
(22, 'Mollitia et autem in laboriosam sit fuga blanditiis sapiente.', '2022-05-30 13:54:38', '2022-05-30 13:54:38'),
(23, 'Et vitae sed pariatur qui.', '2022-05-30 13:54:38', '2022-05-30 13:54:38'),
(24, 'Sint sequi officia est.', '2022-05-30 13:54:38', '2022-05-30 13:54:38'),
(25, 'Non nulla reprehenderit natus repellat libero.', '2022-05-30 13:54:38', '2022-05-30 13:54:38'),
(26, 'Unde velit vitae impedit enim explicabo nemo.', '2022-05-30 13:54:38', '2022-05-30 13:54:38'),
(27, 'Qui laborum fugiat mollitia neque autem error.', '2022-05-30 13:54:38', '2022-05-30 13:54:38'),
(28, 'Rem rem sint et earum dicta.', '2022-05-30 13:54:39', '2022-05-30 13:54:39'),
(29, 'Dolore natus vero libero sequi eligendi voluptatem eum.', '2022-05-30 13:54:39', '2022-05-30 13:54:39'),
(30, 'Aut rerum beatae assumenda aut sapiente quidem.', '2022-05-30 13:54:39', '2022-05-30 13:54:39'),
(31, 'Non iste reiciendis eligendi reprehenderit possimus aut.', '2022-05-30 13:54:39', '2022-05-30 13:54:39'),
(32, 'Veritatis harum ut quis magni qui omnis.', '2022-05-30 13:54:39', '2022-05-30 13:54:39'),
(33, 'Omnis eaque perspiciatis nulla quibusdam.', '2022-05-30 13:54:39', '2022-05-30 13:54:39'),
(34, 'Culpa non deleniti neque expedita vitae ea.', '2022-05-30 13:54:39', '2022-05-30 13:54:39'),
(35, 'Et aut officia neque inventore consequuntur laborum.', '2022-05-30 13:54:39', '2022-05-30 13:54:39'),
(36, 'Fugit quibusdam facere nemo aut unde excepturi ipsam et.', '2022-05-30 13:54:39', '2022-05-30 13:54:39'),
(37, 'Et deleniti voluptate alias soluta rerum sint.', '2022-05-30 13:54:39', '2022-05-30 13:54:39'),
(38, 'Ea qui eveniet quia non et.', '2022-05-30 13:54:39', '2022-05-30 13:54:39'),
(39, 'Dolore perspiciatis molestiae quia rerum ipsum quia veniam.', '2022-05-30 13:54:39', '2022-05-30 13:54:39'),
(40, 'Voluptatibus consequatur rerum id modi et in.', '2022-05-30 13:54:39', '2022-05-30 13:54:39'),
(41, 'Est assumenda aut quia reiciendis.', '2022-05-30 14:06:55', '2022-05-30 14:06:55'),
(42, 'Blanditiis placeat rem sint aut mollitia eaque.', '2022-05-30 14:06:55', '2022-05-30 14:06:55'),
(43, 'Laudantium aperiam voluptas quos porro et veritatis nulla.', '2022-05-30 14:06:55', '2022-05-30 14:06:55'),
(44, 'Atque sit harum fugiat enim rerum fuga.', '2022-05-30 14:06:55', '2022-05-30 14:06:55'),
(45, 'Vel maxime est vitae molestias qui dolores consectetur.', '2022-05-30 14:06:55', '2022-05-30 14:06:55'),
(46, 'Ut eligendi nemo reprehenderit.', '2022-05-30 14:06:55', '2022-05-30 14:06:55'),
(47, 'Fugiat qui nobis repellat sint eligendi dolores quia.', '2022-05-30 14:06:55', '2022-05-30 14:06:55'),
(48, 'Assumenda quasi odio architecto omnis magni recusandae corrupti.', '2022-05-30 14:06:55', '2022-05-30 14:06:55'),
(49, 'Iure nostrum saepe omnis sit.', '2022-05-30 14:06:55', '2022-05-30 14:06:55'),
(50, 'Et molestiae distinctio deserunt ut mollitia non voluptas reprehenderit.', '2022-05-30 14:06:55', '2022-05-30 14:06:55'),
(51, 'Rem amet nemo quia voluptates quibusdam.', '2022-05-30 14:06:55', '2022-05-30 14:06:55'),
(52, 'Accusantium ut eos omnis nisi temporibus.', '2022-05-30 14:06:55', '2022-05-30 14:06:55'),
(53, 'Veritatis reiciendis officia necessitatibus ipsa.', '2022-05-30 14:06:55', '2022-05-30 14:06:55'),
(54, 'At et corporis beatae illum voluptas aliquid.', '2022-05-30 14:06:56', '2022-05-30 14:06:56'),
(55, 'Cumque et et alias rerum.', '2022-05-30 14:06:56', '2022-05-30 14:06:56'),
(56, 'Vel voluptas a quidem quis.', '2022-05-30 14:06:56', '2022-05-30 14:06:56'),
(57, 'Maiores reprehenderit maiores sapiente beatae quos officiis.', '2022-05-30 14:06:56', '2022-05-30 14:06:56'),
(58, 'Sunt architecto quaerat voluptatem.', '2022-05-30 14:06:56', '2022-05-30 14:06:56'),
(59, 'Commodi nobis autem minus tempora est aspernatur aut.', '2022-05-30 14:06:56', '2022-05-30 14:06:56'),
(60, 'Aliquid repudiandae enim nemo quisquam deleniti quisquam laborum voluptatibus.', '2022-05-30 14:06:56', '2022-05-30 14:06:56'),
(61, 'This is Video title', '2022-05-30 14:45:41', '2022-05-30 14:45:41'),
(62, 'This is Video title', '2022-05-30 14:45:50', '2022-05-30 14:45:50');

--
-- Indexes for dumped tables
--

--
-- Indexes for table `addresses`
--
ALTER TABLE `addresses`
  ADD PRIMARY KEY (`id`);

--
-- Indexes for table `comments`
--
ALTER TABLE `comments`
  ADD PRIMARY KEY (`id`),
  ADD KEY `comments_commentable_type_commentable_id_index` (`commentable_type`,`commentable_id`);

--
-- Indexes for table `failed_jobs`
--
ALTER TABLE `failed_jobs`
  ADD PRIMARY KEY (`id`),
  ADD UNIQUE KEY `failed_jobs_uuid_unique` (`uuid`);

--
-- Indexes for table `migrations`
--
ALTER TABLE `migrations`
  ADD PRIMARY KEY (`id`);

--
-- Indexes for table `password_resets`
--
ALTER TABLE `password_resets`
  ADD KEY `password_resets_email_index` (`email`);

--
-- Indexes for table `personal_access_tokens`
--
ALTER TABLE `personal_access_tokens`
  ADD PRIMARY KEY (`id`),
  ADD UNIQUE KEY `personal_access_tokens_token_unique` (`token`),
  ADD KEY `personal_access_tokens_tokenable_type_tokenable_id_index` (`tokenable_type`,`tokenable_id`);

--
-- Indexes for table `posts`
--
ALTER TABLE `posts`
  ADD PRIMARY KEY (`id`);

--
-- Indexes for table `post_tag`
--
ALTER TABLE `post_tag`
  ADD PRIMARY KEY (`id`);

--
-- Indexes for table `projects`
--
ALTER TABLE `projects`
  ADD PRIMARY KEY (`id`);

--
-- Indexes for table `project_ones`
--
ALTER TABLE `project_ones`
  ADD PRIMARY KEY (`id`);

--
-- Indexes for table `tags`
--
ALTER TABLE `tags`
  ADD PRIMARY KEY (`id`);

--
-- Indexes for table `tasks`
--
ALTER TABLE `tasks`
  ADD PRIMARY KEY (`id`);

--
-- Indexes for table `task_ones`
--
ALTER TABLE `task_ones`
  ADD PRIMARY KEY (`id`);

--
-- Indexes for table `users`
--
ALTER TABLE `users`
  ADD PRIMARY KEY (`id`),
  ADD UNIQUE KEY `users_email_unique` (`email`);

--
-- Indexes for table `user_ones`
--
ALTER TABLE `user_ones`
  ADD PRIMARY KEY (`id`),
  ADD UNIQUE KEY `user_ones_email_unique` (`email`);

--
-- Indexes for table `videos`
--
ALTER TABLE `videos`
  ADD PRIMARY KEY (`id`);

--
-- AUTO_INCREMENT for dumped tables
--

--
-- AUTO_INCREMENT for table `addresses`
--
ALTER TABLE `addresses`
  MODIFY `id` bigint(20) UNSIGNED NOT NULL AUTO_INCREMENT, AUTO_INCREMENT=61;

--
-- AUTO_INCREMENT for table `comments`
--
ALTER TABLE `comments`
  MODIFY `id` bigint(20) UNSIGNED NOT NULL AUTO_INCREMENT, AUTO_INCREMENT=7;

--
-- AUTO_INCREMENT for table `failed_jobs`
--
ALTER TABLE `failed_jobs`
  MODIFY `id` bigint(20) UNSIGNED NOT NULL AUTO_INCREMENT;

--
-- AUTO_INCREMENT for table `migrations`
--
ALTER TABLE `migrations`
  MODIFY `id` int(10) UNSIGNED NOT NULL AUTO_INCREMENT, AUTO_INCREMENT=176;

--
-- AUTO_INCREMENT for table `personal_access_tokens`
--
ALTER TABLE `personal_access_tokens`
  MODIFY `id` bigint(20) UNSIGNED NOT NULL AUTO_INCREMENT;

--
-- AUTO_INCREMENT for table `posts`
--
ALTER TABLE `posts`
  MODIFY `id` bigint(20) UNSIGNED NOT NULL AUTO_INCREMENT, AUTO_INCREMENT=106;

--
-- AUTO_INCREMENT for table `post_tag`
--
ALTER TABLE `post_tag`
  MODIFY `id` bigint(20) UNSIGNED NOT NULL AUTO_INCREMENT, AUTO_INCREMENT=301;

--
-- AUTO_INCREMENT for table `projects`
--
ALTER TABLE `projects`
  MODIFY `id` bigint(20) UNSIGNED NOT NULL AUTO_INCREMENT, AUTO_INCREMENT=16;

--
-- AUTO_INCREMENT for table `project_ones`
--
ALTER TABLE `project_ones`
  MODIFY `id` bigint(20) UNSIGNED NOT NULL AUTO_INCREMENT, AUTO_INCREMENT=61;

--
-- AUTO_INCREMENT for table `tags`
--
ALTER TABLE `tags`
  MODIFY `id` bigint(20) UNSIGNED NOT NULL AUTO_INCREMENT, AUTO_INCREMENT=99;

--
-- AUTO_INCREMENT for table `tasks`
--
ALTER TABLE `tasks`
  MODIFY `id` bigint(20) UNSIGNED NOT NULL AUTO_INCREMENT, AUTO_INCREMENT=91;

--
-- AUTO_INCREMENT for table `task_ones`
--
ALTER TABLE `task_ones`
  MODIFY `id` bigint(20) UNSIGNED NOT NULL AUTO_INCREMENT, AUTO_INCREMENT=91;

--
-- AUTO_INCREMENT for table `users`
--
ALTER TABLE `users`
  MODIFY `id` bigint(20) UNSIGNED NOT NULL AUTO_INCREMENT, AUTO_INCREMENT=46;

--
-- AUTO_INCREMENT for table `user_ones`
--
ALTER TABLE `user_ones`
  MODIFY `id` bigint(20) UNSIGNED NOT NULL AUTO_INCREMENT, AUTO_INCREMENT=61;

--
-- AUTO_INCREMENT for table `videos`
--
ALTER TABLE `videos`
  MODIFY `id` bigint(20) UNSIGNED NOT NULL AUTO_INCREMENT, AUTO_INCREMENT=63;
COMMIT;

/*!40101 SET CHARACTER_SET_CLIENT=@OLD_CHARACTER_SET_CLIENT */;
/*!40101 SET CHARACTER_SET_RESULTS=@OLD_CHARACTER_SET_RESULTS */;
/*!40101 SET COLLATION_CONNECTION=@OLD_COLLATION_CONNECTION */;
